https://google.com/,0,0,0,0,0,0,0,0,0,0,0,0,0,0,0,0,0,0,0,0,0,0,0,0,0,0,0,0,0,0,0,0,0,0,0,0,0,0,0,good
https://youtube.com/,0,0,0,0,0,0,0,0,0,0,0,0,0,0,0,0,0,0,0,0,0,0,0,0,0,0,0,0,0,0,0,0,0,0,0,0,0,0,0,good
https://google.com/,0,0,0,0,0,0,0,0,0,0,0,0,0,0,0,0,0,0,0,0,0,0,0,0,0,0,0,0,0,0,0,0,0,0,0,0,0,0,0,good
https://youtube.com/,0,0,0,0,0,0,0,0,0,0,0,0,0,0,0,0,0,0,0,0,0,0,0,0,0,0,0,0,0,0,0,0,0,0,0,0,0,0,0,good
https://facebook.com/,1,93,16,1,9,0,29,6,2,46,74,14,137,2,4,22,13,0,16,588,483254,0,8060,0.187903574,82.05592296,0,20702,2.568749518,178205,1540,17,66.2711783,70.00672125,6.332164036,77680,1524,38,65.5782337,147.6639711,good
https://google.com/,1,10,1,1,1,0,3,0,5,3,26,11,10,0,7,2,7,0,1,216,93131,0,1657,0.171683655,47.5234886,0,4628,1.201674823,45353,3217,9,37.79423419,27.14585206,2.8974968,20023,3217,10,37.79423419,54.35899682,good
https://youtube.com/,0,0,0,0,0,0,0,0,0,0,0,0,0,0,0,1,1,0,0,14,942,0,19,0.06112532,10.36430423,0,23,0.271672772,255,100,2,8.122372266,7.605006105,0.70212766,102,100,7,8.122372266,16.31117021,good
https://facebook.com/,1,93,16,1,9,0,29,6,2,46,74,14,137,2,4,22,13,0,16,588,483254,0,8060,0.187903687,82.08082967,0,20703,2.570018554,178205,1537,17,66.26520272,70.01076487,6.335774145,77680,1521,38,65.57225812,147.6757033,good
https://google.com/,1,10,1,1,1,0,3,0,5,3,26,11,10,0,7,2,7,0,1,216,93098,0,1657,0.171757691,47.52766794,0,4628,1.201674823,45353,3184,9,37.80086881,27.10805137,2.8974968,20023,3184,10,37.80086881,54.2678366,good
https://youtube.com/,0,0,0,0,0,0,0,0,0,0,0,0,0,0,0,0,0,0,0,0,0,0,0,0,0,0,0,0,0,0,0,0,0,0,0,0,0,0,0,good
https://facebook.com/,1,93,16,1,9,0,29,6,2,46,71,14,137,2,4,22,13,0,16,585,499089,0,9043,0.202066781,72.28094389,0,20909,2.488407901,178280,16069,15,57.21060046,63.63779166,6.163057429,77683,16053,32,56.51765586,137.9891635,good
https://google.com/,0,0,0,0,0,0,0,0,0,0,0,0,0,0,0,0,0,0,0,0,0,0,0,0,0,0,0,0,0,0,0,0,0,0,0,0,0,0,0,good
https://google.com/,0,0,0,0,0,0,0,0,0,0,0,0,0,0,0,0,0,0,0,0,0,0,0,0,0,0,0,0,0,0,0,0,0,0,0,0,0,0,0,good
https://youtube.com/,0,0,0,0,0,0,0,0,0,0,0,0,0,0,0,0,0,0,0,0,0,0,0,0,0,0,0,0,0,0,0,0,0,0,0,0,0,0,0,good
https://facebook.com/,1,93,16,1,9,0,29,6,2,46,74,14,137,2,4,22,13,0,16,588,483545,0,8060,0.187896695,82.12247351,0,20703,2.565256262,178272,1537,17,66.54044564,69.95125348,6.323590055,77703,1521,38,65.84750104,147.5795008,good
https://baidu.com/,39,173,23,19,66,1,77,21,9,143,265,27,326,16,28,111,38,2,23,4242,1179504,4,19888,3.321703963,128.9265096,128,45916,3.848569324,439967,3483,27,107.7741037,97.94121791,inf,189903,3482,37,107.7741037,inf,good
https://wikipedia.org/,0,5,0,0,7,0,1,1,0,0,12,0,12,3,0,5,16,0,0,108,24699,0,611,0.273085252,19.55948104,0,851,1.212049928,2106,359,4,15.51551823,15.38025376,2.739119325,934,356,11,15.66916374,27.55146068,good
https://yahoo.com/,42,152,123,5,21,0,77,5,11,214,174,23,213,13,23,119,108,103,123,3526,1304641,0,50121,8.451605787,345.5071725,0,47463,10.64702281,467477,31265,72,289.6852778,353.5377516,24.17794801,204275,27999,161,288.8353131,705.9357224,good
https://google.co.in/,0,0,0,0,0,0,0,0,0,0,0,0,0,0,0,0,0,0,0,0,0,0,0,0,0,0,0,0,0,0,0,0,0,0,0,0,0,0,0,good
https://reddit.com/,15,124,43,4,15,0,99,18,7,226,301,36,235,19,6,4325,42,0,43,14469,6938821,2,88296,1.587470499,189.1073165,2,204067,37.91410147,1085096,139573,37,149.8203811,233.0446084,85.82952157,470719,139573,47,149.8203811,465.4222809,good
https://google.com/,0,0,0,0,0,0,0,0,0,0,0,0,0,0,0,0,0,0,0,0,0,0,0,0,0,0,0,0,0,0,0,0,0,0,0,0,0,0,0,good
https://youtube.com/,0,0,0,0,0,0,0,0,0,0,0,0,0,0,0,0,0,0,0,0,0,0,0,0,0,0,0,0,0,0,0,0,0,0,0,0,0,0,0,good
https://facebook.com/,1,93,16,1,9,0,29,6,2,46,71,14,137,2,4,22,13,0,16,585,499554,0,8989,0.200389871,72.28173768,0,20912,2.490214924,178294,16387,15,57.0290861,63.70964016,6.167377952,77691,16371,32,56.3361415,138.1414938,good
https://baidu.com/,39,173,23,19,66,1,77,21,9,143,265,27,326,16,28,111,38,2,23,4242,1179496,4,19888,3.321930267,128.9016755,128,45916,3.848569324,439967,3477,27,107.977031,97.93248429,inf,189903,3476,37,107.977031,inf,good
https://wikipedia.org/,0,5,0,0,7,0,1,1,0,0,12,0,12,3,0,5,16,0,0,108,24699,0,611,0.273085252,19.55948104,0,851,1.212049928,2106,359,4,15.51551823,15.38025376,2.739119325,934,356,11,15.66916374,27.55146068,good
https://yahoo.com/,42,152,124,5,21,0,77,5,11,214,174,23,213,13,23,121,108,103,124,3526,1305128,0,50124,8.45742225,345.3073143,0,47473,10.65529411,467477,31268,72,289.636429,354.1857931,24.19740327,204275,28002,159,288.7864644,707.2183794,good
https://google.co.in/,0,0,0,0,0,0,0,0,0,0,0,0,0,0,0,0,0,0,0,0,0,0,0,0,0,0,0,0,0,0,0,0,0,0,0,0,0,0,0,good
https://google.com/,0,0,0,0,0,0,0,0,0,0,0,0,0,0,0,0,0,0,0,0,0,0,0,0,0,0,0,0,0,0,0,0,0,0,0,0,0,0,0,good
https://google.com/,0,0,0,0,0,0,0,0,0,0,0,0,0,0,0,0,0,0,0,0,0,0,0,0,0,0,0,0,0,0,0,0,0,0,0,0,0,0,0,good
https://youtube.com/,0,0,0,0,0,0,0,0,0,0,0,0,0,0,0,0,0,0,0,0,0,0,0,0,0,0,0,0,0,0,0,0,0,0,0,0,0,0,0,good
https://facebook.com/,1,93,16,1,9,0,29,6,2,46,74,14,137,2,4,22,13,0,16,588,483305,0,8060,0.187903574,82.12051436,0,20704,2.566916391,178221,1540,17,66.31906386,69.96726751,6.327861432,77684,1524,38,65.62611926,147.6196606,good
https://baidu.com/,39,173,23,19,66,1,77,21,9,143,265,27,326,16,28,111,38,2,23,4242,1179504,4,19888,3.321703963,128.8886511,128,45916,3.848569324,439967,3483,27,107.9744665,97.94121791,inf,189903,3482,37,107.9744665,inf,good
https://wikipedia.org/,0,5,0,0,7,0,1,1,0,0,12,0,12,3,0,5,16,0,0,108,24699,0,611,0.273085252,19.55948104,0,851,1.212049928,2106,359,4,15.51551823,15.38025376,2.739119325,934,356,11,15.66916374,27.55146068,good
https://yahoo.com/,42,152,123,5,21,0,77,5,11,214,174,23,213,13,23,119,108,103,123,3526,1304694,0,50121,8.457451996,345.3543784,0,47463,10.64702281,467477,31266,72,289.3590327,353.8268187,24.17794801,204275,28000,159,288.5090681,706.3740215,good
https://google.co.in/,0,0,0,0,0,0,0,0,0,0,0,0,0,0,0,0,0,0,0,0,0,0,0,0,0,0,0,0,0,0,0,0,0,0,0,0,0,0,0,good
https://reddit.com/,15,122,43,4,15,0,96,18,7,226,298,34,231,18,6,3947,39,0,43,14483,7005414,2,83420,1.570939172,183.7106348,2,199193,37.87858473,1019104,134137,36,147.1987823,233.7358651,85.74054163,442844,134137,46,147.1987823,468.6298725,good
https://qq.com/,21,165,21,8,32,2,126,73,10,482,372,39,261,28,24,132,49,3,21,5485,2065323,0,46299,2.132072802,103.9210211,1,81237,inf,717985,35681,21,87.9613009,inf,inf,313600,35292,44,88.76878687,inf,good
https://amazon.com/,0,0,0,0,0,0,0,0,0,0,0,0,0,0,0,2,0,1,0,0,951,0,230,0.925414182,12.70661643,0,25,0.666398066,168,104,3,10.60360782,11.57002417,1.457869013,69,104,6,10.60360782,21.50811339,good
https://taobao.com/,17,108,13,0,3,1,33,11,0,118,223,36,157,5,33,371,10,0,13,2375,606260,0,12387,2.50382596,76.38663077,0,26359,2.524507534,230654,1956,16,65.7197524,54.99984686,5.782476157,99852,1377,33,64.77833508,104.6671072,good
https://twitter.com/,12,381,127,2,27,0,259,45,8,2874,669,89,720,93,29,4349,34,2,127,9255,7495360,10,131548,inf,165.5651652,1,253934,inf,2543158,166047,33,134.2328135,inf,inf,1081013,161285,65,135.9580696,inf,good
https://tmall.com/,5,60,8,2,2,0,43,10,3,66,127,4,88,7,3,429,7,0,8,1224,676079,0,15136,1.522788993,60.42392849,2,22468,1.400241564,239062,23336,12,53.96068597,47.59548025,3.273978679,103706,23245,18,53.29186097,91.87511638,good
https://google.co.jp/,0,0,0,0,0,0,0,0,0,0,0,0,0,0,0,0,0,0,0,0,0,0,0,0,0,0,0,0,0,0,0,0,0,0,0,0,0,0,0,good
https://live.com/,3,13,2,0,3,0,13,2,1,10,52,8,49,0,13,31,7,0,2,650,165098,0,2653,0.584687512,45.34821376,0,5864,0.984712122,65013,5916,9,38.25207773,25.91794965,2.266942848,28174,968,10,37.55467398,46.47402683,good
https://vk.com/,0,2,0,0,0,0,0,0,0,0,2,0,6,0,0,3,0,0,0,9,9989,0,1005,0.100610672,5.200892773,0,535,0.163358779,3275,116,1,4.306811954,2.739847328,0.377824859,1416,116,1,4.306811954,4.899717514,good
https://instagram.com/,5,125,36,2,10,0,82,13,2,304,212,39,266,35,7,4625,5,0,36,12634,4717078,2,90812,inf,77.75792051,0,140408,inf,1684273,12257,15,59.96224278,inf,inf,715276,12257,22,59.96224278,inf,good
https://sohu.com/,18,70,191,9,26,2,123,20,12,57,206,25,207,12,40,100,17,13,191,2146,750933,0,14442,4.585395175,147.5954886,0,28787,inf,282516,17663,30,120.0136102,inf,inf,122669,9886,40,121.1022458,inf,good
https://google.com/,0,0,0,0,0,0,0,0,0,0,0,0,0,0,0,0,0,0,0,0,0,0,0,0,0,0,0,0,0,0,0,0,0,0,0,0,0,0,0,good
https://google.com/,0,0,0,0,0,0,0,0,0,0,0,0,0,0,0,0,0,0,0,0,0,0,0,0,0,0,0,0,0,0,0,0,0,0,0,0,0,0,0,good
https://youtube.com/,0,0,0,0,0,0,0,0,0,0,0,0,0,0,0,0,0,0,0,0,0,0,0,0,0,0,0,0,0,0,0,0,0,0,0,0,0,0,0,good
https://facebook.com/,1,93,16,1,9,0,29,6,2,46,74,14,137,2,4,22,13,0,16,588,483302,0,8060,0.187903687,82.08240287,0,20703,2.568629559,178221,1537,17,66.3573405,69.96747876,6.332947725,77684,1521,38,65.6643959,147.6205111,good
https://baidu.com/,39,173,23,19,66,1,77,21,9,143,265,27,326,16,28,111,38,2,23,4242,1179515,4,19888,3.321393413,128.8847463,128,45916,3.848569324,439967,3495,27,107.4509838,97.95322665,inf,189903,3494,37,107.4509838,inf,good
https://wikipedia.org/,0,5,0,0,7,0,1,1,0,0,12,0,12,3,0,5,16,0,0,108,24699,0,611,0.273085252,19.55948104,0,851,1.212049928,2106,359,4,15.51551823,15.38025376,2.739119325,934,356,11,15.66916374,27.55146068,good
https://yahoo.com/,42,147,126,5,21,0,80,5,11,214,169,23,209,13,23,108,116,205,126,3468,1266876,0,48735,6.751003832,289.0578759,0,45208,7.628940036,447262,30583,60,243.8773574,274.2886872,17.47491778,195399,27317,134,243.0273928,548.6687018,good
https://google.co.in/,0,0,0,0,0,0,0,0,0,0,0,0,0,0,0,0,0,0,0,0,0,0,0,0,0,0,0,0,0,0,0,0,0,0,0,0,0,0,0,good
https://reddit.com/,15,124,43,4,15,0,99,18,7,226,301,36,235,19,6,4323,42,0,43,14889,7210367,2,86519,1.584711204,189.1292659,2,204940,37.93624467,1094612,135194,37,150.8789029,234.5941081,85.88313954,474480,135194,47,150.8789029,469.6143212,good
https://qq.com/,21,165,21,8,32,2,126,73,10,482,372,39,261,28,24,132,49,3,21,5485,2065323,0,46299,2.132072802,103.7414645,1,81237,inf,717985,35681,21,87.75358111,inf,inf,313600,35292,44,88.56106708,inf,good
https://amazon.com/,0,0,0,0,0,0,0,0,0,0,0,0,0,0,0,2,0,1,0,0,951,0,230,0.925414182,12.71177107,0,25,0.666398066,168,104,3,10.60360782,11.57002417,1.457869013,69,104,6,10.60360782,21.50811339,good
https://taobao.com/,17,108,13,0,3,1,33,11,0,118,223,36,157,5,33,371,10,0,13,2375,606260,0,12387,2.50382596,76.40583696,0,26359,2.524507534,230654,1956,16,65.91561848,54.99984686,5.782476157,99852,1377,33,64.97420116,104.6671072,good
https://twitter.com/,12,381,127,2,27,0,259,45,8,2874,669,89,720,93,29,4349,34,2,127,9255,7495360,10,131548,inf,165.5337893,1,253934,inf,2543158,166047,33,134.1853182,inf,inf,1081013,161285,65,135.9105744,inf,good
https://tmall.com/,5,60,8,2,2,0,43,10,3,66,127,4,88,7,3,429,7,0,8,1224,676079,0,15136,1.522788993,60.40180125,2,22468,1.400241564,239062,23336,12,53.87268465,47.59548025,3.273978679,103706,23245,18,53.20385966,91.87511638,good
https://google.com/,0,0,0,0,0,0,0,0,0,0,0,0,0,0,0,0,0,0,0,0,0,0,0,0,0,0,0,0,0,0,0,0,0,0,0,0,0,0,0,good
https://youtube.com/,0,0,0,0,0,0,0,0,0,0,0,0,0,0,0,1,1,0,0,14,942,0,19,0.06112532,10.36430423,0,23,0.271672772,255,100,2,8.122372266,7.605006105,0.70212766,102,100,7,8.122372266,16.31117021,good
https://facebook.com/,1,93,16,1,9,0,29,6,2,46,74,14,137,2,4,22,13,0,16,588,483247,0,8060,0.187903801,82.13372019,0,20701,2.567480482,178205,1532,17,66.66254786,70.00592524,6.328553928,77680,1516,38,65.96960326,147.6621648,good
https://baidu.com/,39,173,23,19,66,1,77,21,9,143,265,27,326,16,28,111,38,2,23,4242,1179528,4,19888,3.32102732,128.9244554,128,45916,3.848569324,439967,3507,27,107.7977207,97.96741879,inf,189903,3506,37,107.7977207,inf,good
https://wikipedia.org/,0,5,0,0,7,0,1,1,0,0,12,0,12,3,0,5,16,0,0,108,24699,0,611,0.273085252,19.55948104,0,851,1.212049928,2106,359,4,15.51551823,15.38025376,2.739119325,934,356,11,15.66916374,27.55146068,good
https://yahoo.com/,0,0,0,0,0,0,0,0,0,0,0,0,0,0,0,0,0,0,0,0,0,0,0,0,0,0,0,0,0,0,0,0,0,0,0,0,0,0,0,good
https://google.co.in/,0,0,0,0,0,0,0,0,0,0,0,0,0,0,0,0,0,0,0,0,0,0,0,0,0,0,0,0,0,0,0,0,0,0,0,0,0,0,0,good
https://reddit.com/,17,124,43,4,15,0,99,18,7,226,301,36,235,19,6,4323,42,0,43,14329,7023423,2,86593,1.585250303,189.1098586,2,204693,37.93180243,1094570,135194,37,150.8789029,231.1672487,85.87201777,474495,135194,47,150.8789029,461.3330874,good
https://qq.com/,21,165,21,8,32,2,126,73,10,482,372,39,261,28,24,132,49,3,21,5485,2065323,0,46299,2.132072802,103.9292089,1,81237,inf,717985,35681,21,88.08251302,inf,inf,313600,35292,44,88.88999899,inf,good
https://google.com/,1,10,1,1,1,0,3,0,5,3,26,11,10,0,7,2,7,0,1,216,93082,0,1657,0.171794155,47.59470404,0,4628,1.201674823,45353,3168,9,37.91607673,27.08972377,2.8974968,20023,3168,10,37.91607673,54.22363771,good
https://youtube.com/,0,0,0,0,0,0,0,0,0,0,0,0,0,0,0,0,0,0,0,0,0,0,0,0,0,0,0,0,0,0,0,0,0,0,0,0,0,0,0,good
https://facebook.com/,1,93,16,1,9,0,29,6,2,46,71,14,137,2,4,22,13,0,16,585,499570,0,8989,0.200380856,72.24605622,0,20913,2.491399758,178294,16408,15,56.97677814,63.71533209,6.170733657,77691,16392,32,56.28383354,138.1569498,good
https://baidu.com/,39,173,23,19,66,1,77,21,9,143,265,27,326,16,28,111,38,2,23,4242,1179515,4,19888,3.321393413,128.9128684,128,45916,3.848569324,439967,3495,27,107.9286818,97.95322665,inf,189903,3494,37,107.9286818,inf,good
https://wikipedia.org/,0,5,0,0,7,0,1,1,0,0,12,0,12,3,0,5,16,0,0,108,24699,0,611,0.273085252,19.55948104,0,851,1.212049928,2106,359,4,15.51551823,15.38025376,2.739119325,934,356,11,15.66916374,27.55146068,good
https://yahoo.com/,42,152,124,5,21,0,77,5,11,214,174,23,213,13,23,121,108,53,124,3526,1300301,0,50062,8.449460858,345.4177612,0,47380,10.57995966,467487,31265,72,289.5562006,349.6476916,24.02240792,204277,27999,161,288.706236,697.1557626,good
https://google.co.in/,1,10,1,1,1,0,3,0,5,3,26,11,10,0,7,2,7,0,1,216,93094,0,1657,0.171735789,47.57289583,0,4630,1.203548999,45353,3185,9,37.9029795,27.11117327,2.901762594,20023,3185,10,37.9029795,54.27451066,good
https://reddit.com/,15,124,43,4,15,0,99,18,7,226,301,36,235,19,6,4323,42,0,43,14005,7250087,2,86778,1.584852074,189.1309615,2,204873,37.93462961,1094764,135194,37,150.8789029,235.2646526,85.87948493,474528,135194,47,150.8789029,471.2570369,good
https://qq.com/,21,165,21,8,32,2,126,73,10,482,372,39,261,28,24,132,49,3,21,5485,2065323,0,46299,2.132072802,103.9853367,1,81237,inf,717985,35681,21,88.02190696,inf,inf,313600,35292,44,88.82939293,inf,good
https://google.com/,1,10,1,1,1,0,3,0,5,3,26,11,10,0,7,2,7,0,1,216,93091,0,1657,0.171761297,47.581832,0,4628,1.201674823,45353,3177,9,37.91387979,27.10128192,2.8974968,20023,3177,10,37.91387979,54.25103924,good
https://youtube.com/,0,0,0,0,0,0,0,0,0,0,0,0,0,0,0,0,0,0,0,0,0,0,0,0,0,0,0,0,0,0,0,0,0,0,0,0,0,0,0,good
https://facebook.com/,1,93,16,1,9,0,29,6,2,46,71,14,137,2,4,22,13,0,16,585,499745,0,9136,0.204055051,72.31699082,0,20895,2.488024448,178280,16690,15,57.24106197,63.79421082,6.162403396,77683,16674,32,56.54811737,138.4023327,good
https://baidu.com/,39,173,23,19,66,1,77,21,9,143,265,27,326,16,28,111,38,2,23,4242,1179509,4,19888,3.321562715,128.9192238,128,45916,3.848569324,439967,3489,27,108.0353179,97.94667643,inf,189903,3488,37,108.0353179,inf,good
https://wikipedia.org/,0,5,0,0,7,0,1,1,0,0,12,0,12,3,0,5,16,0,0,108,24699,0,611,0.273085252,19.55948104,0,851,1.212049928,2106,359,4,15.51551823,15.38025376,2.739119325,934,356,11,15.66916374,27.55146068,good
https://yahoo.com/,42,152,123,5,21,0,77,5,11,214,174,23,214,13,23,119,108,103,123,3526,1304562,0,50116,8.457251494,345.3350004,0,47464,10.64784994,467473,31265,72,289.5787979,352.992857,24.17989354,204273,27999,159,288.7288333,704.7160229,good
https://google.co.in/,1,10,1,1,1,0,3,0,5,3,26,11,10,0,7,2,7,0,1,216,93117,0,1657,0.17169015,47.57753202,0,4630,1.203548999,45353,3204,9,37.92169885,27.13231315,2.901762594,20023,3204,10,37.92169885,54.3254021,good
https://reddit.com/,15,124,43,4,15,0,99,18,7,226,301,36,235,19,6,4323,42,0,43,14457,7220266,2,86778,1.584916691,189.1299675,2,204824,37.93390987,1094692,135194,37,150.8789029,234.7452391,85.87781431,474494,135194,47,150.8789029,470.0181707,good
https://qq.com/,21,165,21,8,32,2,126,73,10,482,372,39,261,28,24,132,49,3,21,5485,2065323,0,46299,2.132072802,103.8603367,1,81237,inf,717985,35681,21,87.9502546,inf,inf,313600,35292,44,88.75774057,inf,good
https://amazon.com/,0,0,0,0,0,0,0,0,0,0,0,0,0,0,0,2,0,1,0,0,951,0,230,0.925414182,12.72597152,0,25,0.666398066,168,104,3,10.60360782,11.57002417,1.457869013,69,104,6,10.60360782,21.50811339,good
https://google.com/,0,0,0,0,0,0,0,0,0,0,0,0,0,0,0,0,0,0,0,0,0,0,0,0,0,0,0,0,0,0,0,0,0,0,0,0,0,0,0,good
https://youtube.com/,0,0,0,0,0,0,0,0,0,0,0,0,0,0,0,0,0,0,0,0,0,0,0,0,0,0,0,0,0,0,0,0,0,0,0,0,0,0,0,good
https://facebook.com/,1,93,16,1,9,0,29,6,2,46,74,14,137,2,4,22,13,0,16,588,483303,0,8060,0.187903659,82.14888296,0,20703,2.567643909,178221,1537,17,66.56494568,69.96773689,6.330066055,77684,1521,38,65.87200108,147.6211881,good
https://baidu.com/,39,173,23,19,66,1,77,21,9,143,265,27,326,16,28,111,38,2,23,4242,1179496,4,19888,3.321930267,128.8952373,128,45916,3.848569324,439967,3477,27,107.6908256,97.93248429,inf,189903,3476,37,107.6908256,inf,good
https://wikipedia.org/,0,5,0,0,7,0,1,1,0,0,12,0,12,3,0,5,16,0,0,108,24699,0,611,0.273085252,19.55948104,0,851,1.212049928,2106,359,4,15.51551823,15.38025376,2.739119325,934,356,11,15.66916374,27.55146068,good
https://yahoo.com/,42,152,123,5,21,0,77,5,11,214,174,23,213,13,23,119,108,3,123,3526,1295595,0,50013,8.45479569,345.2363109,0,47253,10.47355299,467499,26865,72,289.567022,346.4162495,23.77183759,204281,23599,159,288.7170574,688.9124162,good
https://google.co.in/,0,0,0,0,0,0,0,0,0,0,0,0,0,0,0,0,0,0,0,0,0,0,0,0,0,0,0,0,0,0,0,0,0,0,0,0,0,0,0,good
https://reddit.com/,15,124,43,4,15,0,99,18,7,226,301,36,235,19,6,4323,42,0,43,14813,7228845,2,86809,1.584924576,189.1294431,2,204907,37.93439783,1095106,135194,37,150.8789029,234.7424961,85.8789341,474670,135194,47,150.8789029,470.0038786,good
https://qq.com/,21,165,21,8,32,2,126,73,10,482,372,39,261,28,24,132,49,3,21,5485,2065323,0,46299,2.132072802,103.8540087,1,81237,inf,717985,35681,21,87.91252391,inf,inf,313600,35292,44,88.72000989,inf,good
https://amazon.com/,0,0,0,0,0,0,0,0,0,0,0,0,0,0,0,2,0,1,0,0,951,0,230,0.925414182,12.70409657,0,25,0.666398066,168,104,3,10.60360782,11.57002417,1.457869013,69,104,6,10.60360782,21.50811339,good
https://taobao.com/,17,108,13,0,3,1,33,11,0,118,223,36,157,5,33,371,10,0,13,2375,606260,0,12387,2.50382596,76.37463292,0,26359,2.524507534,230654,1956,16,65.72981757,54.99984686,5.782476157,99852,1377,33,64.78840024,104.6671072,good
https://twitter.com/,12,381,127,2,27,0,259,45,8,2874,669,89,720,93,29,4349,34,2,127,9255,7495361,10,131548,inf,165.5512455,1,253934,inf,2543158,166047,33,134.211634,inf,inf,1081013,161285,65,135.9368902,inf,good
https://tmall.com/,5,60,8,2,2,0,43,10,3,66,127,4,88,7,3,429,7,0,8,1224,676079,0,15136,1.522788993,60.43950845,2,22468,1.400241564,239062,23336,12,53.9821637,47.59548025,3.273978679,103706,23245,18,53.3133387,91.87511638,good
https://google.co.jp/,0,0,0,0,0,0,0,0,0,0,0,0,0,0,0,0,0,0,0,0,0,0,0,0,0,0,0,0,0,0,0,0,0,0,0,0,0,0,0,good
https://live.com/,3,13,2,0,3,0,13,2,1,10,52,8,49,0,13,31,7,0,2,650,165098,0,2653,0.584687512,45.34821376,0,5864,0.984712122,65013,5916,9,38.25207773,25.91794965,2.266942848,28174,968,10,37.55467398,46.47402683,good
https://vk.com/,0,2,0,0,0,0,0,0,0,0,2,0,6,0,0,3,0,0,0,9,9989,0,1005,0.100610672,5.200892773,0,535,0.163358779,3275,116,1,4.306811954,2.739847328,0.377824859,1416,116,1,4.306811954,4.899717514,good
https://instagram.com/,5,125,36,2,10,0,82,13,2,304,212,39,266,35,7,4625,5,0,36,12634,4717039,2,90812,inf,77.75855254,0,140406,inf,1684270,12257,15,59.96224278,inf,inf,715274,12257,22,59.96224278,inf,good
https://sohu.com/,18,70,191,9,26,2,123,20,12,57,206,25,207,12,40,100,17,13,191,2146,750905,0,14442,4.594782316,147.3753786,0,28787,inf,282516,17659,30,119.9280585,inf,inf,122669,9882,38,121.0166941,inf,good
https://jd.com/,1,18,1,11,12,0,4,2,1,67,47,6,71,0,1,25,2,0,1,364,152056,0,7710,2.626294463,118.8994416,0,6861,3.723638378,61198,2646,24,96.17093419,83.90419828,8.203381192,27045,2646,36,96.17093419,151.7029998,good
https://weibo.com/,0,8,0,0,0,0,12,0,0,3,11,0,11,0,0,4,3,0,0,207,55744,0,1310,0.887471237,80.87274455,0,2299,5.530526246,22584,4343,16,70.37814994,179.6039368,14.81734245,9858,4139,31,69.6569918,459.3037228,good
https://google.de/,0,0,0,0,0,0,0,0,0,0,0,0,0,0,0,0,0,0,0,0,0,0,0,0,0,0,0,0,0,0,0,0,0,0,0,0,0,0,0,good
https://google.co.uk/,1,10,1,1,1,0,3,0,5,3,26,11,10,0,7,2,7,0,1,216,93060,0,1657,0.171813879,47.60388221,0,4628,1.201674823,45353,3151,9,37.92865426,27.07222711,2.8974968,20023,3151,10,37.92865426,54.18058801,good
https://linkedin.com/,0,2,1,0,0,0,2,0,0,129,5,8,3,0,6,4,0,0,1,185,71034,0,1971,inf,14.88353538,0,2867,inf,6868,964,3,12.9391346,inf,inf,3130,964,3,12.9391346,inf,good
https://google.com.br/,0,0,0,0,0,0,0,0,0,0,0,0,0,0,0,0,0,0,0,0,0,0,0,0,0,0,0,0,0,0,0,0,0,0,0,0,0,0,0,good
https://list.tmall.com/,5,23,5,2,2,0,16,1,0,33,49,2,22,4,1,175,4,0,5,350,191572,0,8308,1.560957448,58.95290118,0,6496,1.436215716,59083,22283,12,52.1407818,46.70236988,3.33355681,25690,22182,18,51.44989034,89.74128181,good
https://google.fr/,0,0,0,0,0,0,0,0,0,0,0,0,0,0,0,0,0,0,0,0,0,0,0,0,0,0,0,0,0,0,0,0,0,0,0,0,0,0,0,good
https://google.ru/,1,10,1,1,1,0,3,0,5,3,26,11,10,0,7,2,7,0,1,216,93154,0,1657,0.171616909,47.5361857,0,4628,1.201674823,45353,3243,9,37.69768219,27.1765705,2.8974968,20023,3243,10,37.69768219,54.43265908,good
https://yandex.ru/,86,58,38,6,44,0,56,11,12,151,158,31,262,0,22,84,22,0,38,3073,1710188,52,80445,0.617123808,150.4724059,0,56733,3.548905636,342649,140684,29,125.9678563,108.0868647,8.194079047,147061,135653,28,126.2598946,207.2874898,good
https://netflix.com/,10,72,39,6,51,0,28,19,6,248,153,62,185,3,9,181,13,0,39,2889,1507319,0,26527,inf,108.578977,1,59730,inf,383217,5115,23,89.56452029,inf,inf,166292,5106,52,89.36250339,inf,good
https://google.com.hk/,1,10,1,1,1,0,3,0,5,3,26,11,10,0,7,2,7,0,1,216,93048,0,1657,0.171847929,47.60219099,0,4628,1.201674823,45353,3139,9,37.90487983,27.05785697,2.8974968,20023,3139,10,37.90487983,54.14616901,good
https://google.it/,0,0,0,0,0,0,0,0,0,0,0,0,0,0,0,0,0,0,0,0,0,0,0,0,0,0,0,0,0,0,0,0,0,0,0,0,0,0,0,good
https://t.co/,0,0,0,0,0,0,0,0,0,0,0,0,0,0,0,0,0,1,0,0,41,0,1,0.024390244,4.210733712,0,2,0.142857143,14,11,1,3.095795255,2.857142857,0.4,5,11,3,3.095795255,6.2,good
https://ebay.com/,20,10,6,2,25,0,34,3,0,27,62,93,41,7,8,23,12,1,6,641,260554,0,6464,3.075412367,165.0228562,0,8673,inf,87464,4148,32,136.0206733,inf,inf,38267,4125,61,136.5709937,inf,good
https://google.es/,0,0,0,0,0,0,0,0,0,0,0,0,0,0,0,0,0,0,0,0,0,0,0,0,0,0,0,0,0,0,0,0,0,0,0,0,0,0,0,good
https://pornhub.com/,0,0,0,0,0,0,0,0,0,0,0,0,0,0,0,0,0,0,0,0,1331,0,162,0.121712998,5.153605924,0,64,0.144469526,443,23,1,3.795088586,2.083521445,0.296296296,216,23,1,3.795088586,3.046296296,good
https://imgur.com/,2,54,13,3,9,0,57,28,5,923,160,21,165,6,5,692,9,1,13,3489,1625769,4,41808,0.186490248,57.50046777,1,55731,1.113398799,491002,76133,11,43.10354538,28.19284602,2.665673256,214374,76118,13,43.01372263,50.36590302,good
https://bing.com/,0,5,1,0,9,0,0,0,2,13,6,0,14,0,2,5,2,0,1,157,47812,0,1115,0.155365015,51.09966729,0,1196,0.959007265,12658,1151,10,34.98140632,41.80327714,2.424925869,5500,1142,30,35.14660996,89.65447543,good
https://msn.com/,8,32,10,0,2,0,7,2,1,6,25,4,60,0,4,22,14,0,10,590,159667,0,4296,1.721550855,85.71036844,0,4917,3.058733389,47396,3393,18,71.12333807,76.62502596,7.271411069,20801,2497,41,70.5720018,150.9844924,good
https://onclkds.com/,0,0,0,0,0,0,0,0,0,0,0,0,0,0,0,0,0,0,0,0,0,0,0,0,0,0,0,0,0,0,0,0,0,0,0,0,0,0,0,good
https://twitch.tv/,3,40,6,2,11,0,64,7,4,125,104,35,90,8,9,124,1,0,6,4525,1233379,0,31878,0.128741374,50.70992229,0,32967,1.88338654,259235,212282,10,44.44881978,72.62048148,4.373965935,114497,208783,16,45.37905219,155.2545607,good
https://google.com.mx/,1,10,1,1,1,0,3,0,5,3,26,11,10,0,7,2,7,0,1,216,93087,0,1657,0.171768177,47.58889868,0,4628,1.201674823,45353,3170,9,37.90918001,27.09420082,2.8974968,20023,3170,10,37.90918001,54.23367266,good
https://google.ca/,0,0,0,0,0,0,0,0,0,0,0,0,0,0,0,0,0,0,0,0,0,0,0,0,0,0,0,0,0,0,0,0,0,0,0,0,0,0,0,good
https://tumblr.com/,0,3,1,0,0,0,0,0,0,0,1,0,0,2,0,1,2,2,1,33,109351,0,1714,0.271111859,26.10205002,0,1308,1.112762046,12952,6561,5,22.6195414,75.87804711,2.412545467,5737,6561,8,22.6195414,155.9942424,good
https://gmw.cn/,0,0,0,0,0,0,0,0,0,0,0,0,0,0,0,0,0,0,0,0,0,0,0,0,0,0,0,0,0,0,0,0,0,0,0,0,0,0,0,good
https://www.alipay.com/,3,6,1,0,0,0,0,2,4,4,5,0,31,0,4,9,5,0,1,73,53387,0,1855,0.775173193,19.30867031,0,1881,0.365691009,19998,2312,4,16.04632143,13.54127264,0.886378981,8676,1355,4,15.83552427,26.4457302,good
https://livejasmin.com/,10,53,26,7,30,0,32,18,0,483,183,29,219,8,3,190,16,0,26,2049,1067431,0,26842,5.109603861,127.2961234,0,43224,15.63947521,70215,25456,28,112.5252263,141.7141622,27.88958259,32315,25445,55,113.5617088,269.0964624,good
https://xvideos.com/,5,17,0,6,6,0,15,2,3,7,31,7,42,2,9,39,32,2,0,516,134142,0,1831,0.095448069,269.3404624,0,5714,1.789200564,42125,2983,58,178.630358,213.7015856,4.184716785,18331,1762,401,178.5295223,408.5990041,good
https://ok.ru/,19,56,27,0,0,0,24,5,15,25,118,50,109,0,20,44,111,0,27,1190,679072,0,8637,9.038520768,733.6196371,0,18552,22.15040788,161082,6150,153,572.4305349,588.167747,57.15028468,69406,5525,243,567.0372803,1211.841663,good
https://aliexpress.com/,1,70,8,0,0,0,18,10,1,257,101,14,63,3,9,892,9,0,8,1090,599959,0,10524,1.125882713,68.65004772,0,24528,8.028657342,110817,12194,14,61.54087851,347.3393633,16.2415017,51876,10651,39,61.45900006,721.0215326,good
https://stackoverflow.com/,372,1511,531,5,176,0,998,376,159,2691,8352,1910,6164,377,322,1224,630,6,531,67373,23119143,20,480052,76.51356994,3437.778693,0,982709,124.1235224,9481657,174980,732,2934.677278,3267.375778,298.4806557,4088618,113122,1397,2924.733608,6812.638426,good
https://imdb.com/,3,29,8,2,10,0,15,3,0,319,70,10,92,1,6,61,5,0,8,1749,1033418,2,38600,10.53378089,624.8169947,0,34270,17.89690312,262720,79519,129,516.3940956,486.6254235,43.04536665,114808,79519,137,516.3940956,963.7118186,good
https://github.com/,173,1560,0,8,8,0,801,47,0,432,1884,1033,3942,1956,0,1735,1443,0,0,21982,15752344,0,325407,18.6562516,4507.604045,0,630017,97.98946594,4858933,213449,854,3621.376788,2388.435622,224.46686,2138901,187107,854,3573.250039,4292.588509,good
https://amazon.co.jp/,0,12,1,0,0,0,4,1,0,4,18,6,10,0,9,13,16,0,1,224,117402,0,6475,6.759091307,501.0074838,0,3562,18.92775518,37285,12522,103,398.6105819,697.1132727,47.041056,15949,12522,164,398.6105819,1512.370835,good
https://blogspot.com/,0,0,0,0,0,0,0,0,0,0,0,0,0,0,0,0,0,0,0,0,0,0,0,0,0,0,0,0,0,0,0,0,0,0,0,0,0,0,0,good
https://pinterest.com/,13,45,22,3,5,0,16,3,0,689,80,17,118,3,1,45,16,0,22,2611,2388004,0,29622,0.692645852,184.7007643,0,58214,4.919656622,519358,13289,35,149.2550889,1054.31874,11.06600832,227108,12953,45,148.0574656,2133.234386,good
https://csdn.net/,9,53,32,3,10,1,93,8,0,224,186,20,276,4,12,142,24,0,32,7104,1587149,0,26558,0.894245022,89.35074056,424,46044,2.210752749,453238,15367,17,74.42693262,68.80150037,5.020845037,195245,11094,24,74.26507632,131.9571363,good
https://wikia.com/,15,13,3,0,1,0,1,2,0,27,19,9,50,4,0,9,2,1,3,308,233491,5,4743,0.276331228,61.13167352,0,9048,1.822944393,87932,944,12,50.59160767,46.11642371,4.350536566,37163,938,13,50.05811866,89.90574319,good
https://apple.com/,0,32,9,8,29,0,17,1,0,150,145,67,95,7,6,34,15,0,9,1229,428915,0,8550,0.444848674,77.2719988,0,17227,2.01762843,135926,14853,15,65.33944939,64.88036543,4.742066009,59232,13018,27,65.45797139,126.7631995,good
https://google.com.tr/,1,10,1,1,1,0,3,0,5,3,26,11,10,0,7,2,7,0,1,216,93099,0,1657,0.171731867,47.5196205,0,4629,1.201767261,45354,3190,9,37.82505997,27.11500928,2.897730336,20023,3190,10,37.82505997,54.28382349,good
https://popads.net/,0,3,2,0,4,0,7,0,2,3,7,3,26,0,0,10,3,0,2,79,51099,0,5566,0.969052024,28.56932817,0,1651,0.744068137,18202,491,6,25.01453809,21.42634819,1.841616687,7785,468,9,24.73253325,44.07138396,good
https://office.com/,3,34,1,0,0,0,7,0,0,14,63,22,56,1,7,29,19,0,1,754,246205,4,18983,2.972786694,76.02539679,3,8870,3.014043387,89062,1214,16,65.34108054,72.37823693,6.537340558,38814,1214,15,65.34108054,135.3260762,good
https://bongacams.com/,0,0,0,0,0,0,0,0,0,0,2,0,3,0,0,2,0,0,0,21,2981,0,574,0.192552835,5.604865623,0,37,0.116352201,318,622,1,5.924788425,7.433962264,0.258741259,143,622,1,5.924788425,15.23076923,good
https://paypal.com/,0,18,4,0,0,0,12,5,4,3,33,7,31,1,4,20,44,0,4,402,217018,0,8082,0.655674404,76.35172936,171,9603,2.228274324,83343,3073,15,65.68104249,69.85636667,5.338721162,37845,3049,24,64.73587129,140.1976275,good
https://office.com/,3,35,1,0,0,0,12,0,0,14,67,24,56,1,8,30,21,0,1,830,269940,4,19370,2.988354109,81.64102338,3,9586,3.538201512,90428,10908,17,70.9546325,89.71233078,7.506217419,39553,10908,16,70.9546325,165.4379613,good
https://bongacams.com/,0,0,0,0,0,0,0,0,0,0,2,0,3,0,0,2,0,0,0,21,2981,0,574,0.192552835,5.621457117,0,38,0.119496855,318,622,1,5.951113979,7.433962264,0.265734266,143,622,1,5.951113979,15.23076923,good
https://paypal.com/,0,21,4,0,0,0,13,7,5,6,40,7,41,2,4,37,68,0,4,622,360313,0,11147,0.719498703,87.94201857,168,13974,2.479396091,117804,21949,17,74.33906334,80.15605281,5.863622642,52963,21925,26,73.39389214,161.6211677,good
https://bongacams.com/,0,0,0,0,0,0,0,0,0,0,2,0,3,0,0,2,0,0,0,21,2980,0,574,0.19261745,5.621242497,0,37,0.116352201,318,622,1,5.91037351,7.43081761,0.258741259,143,622,1,5.91037351,15.22377622,good
https://paypal.com/,0,19,4,0,0,0,13,5,5,3,34,7,35,2,4,20,68,0,4,398,250040,0,8233,0.809208401,80.57428095,173,10337,2.725712591,84825,21766,16,68.99159707,87.60498233,7.276726515,38447,21742,25,68.04642587,186.8362094,good
https://bongacams.com/,0,0,0,0,0,0,0,0,0,0,2,0,3,0,0,2,0,0,0,21,2981,0,574,0.192552835,5.616718778,0,38,0.119496855,318,622,1,5.941869604,7.433962264,0.265734266,143,622,1,5.941869604,15.23076923,good
https://paypal.com/,0,7,6,0,0,0,17,1,4,2,40,14,32,1,5,33,45,0,6,291,95036,0,3705,1.873911553,74.17319557,165,3318,1.833976818,30035,2187,15,65.03843749,74.04823958,4.357758945,12919,2161,25,63.97927202,148.7011231,good
https://paypal.com/,0,17,4,0,0,0,10,5,3,3,33,7,27,0,6,20,20,0,4,394,202986,0,6903,0.574645444,71.5416446,169,9075,2.03419318,80620,2876,14,60.71872967,65.11697678,4.877878994,36700,2852,23,59.77355848,130.4112095,good
https://office.com/,3,35,1,0,0,0,12,0,0,14,67,24,56,1,8,30,21,0,1,830,269940,4,19370,2.988354109,81.64102338,3,9586,3.538201512,90428,10908,17,70.9546325,89.71233078,7.506217419,39553,10908,16,70.9546325,165.4379613,good
https://bongacams.com/,0,0,0,0,0,0,0,0,0,0,2,0,3,0,0,2,0,0,0,21,2981,0,574,0.192552835,5.614155046,0,38,0.119496855,318,622,1,5.947315457,7.433962264,0.265734266,143,622,1,5.947315457,15.23076923,good
https://paypal.com/,0,21,4,0,0,0,16,7,5,6,41,7,42,2,4,37,68,0,4,621,360267,0,11148,0.719651893,87.93574928,171,13980,2.48042836,117836,21949,17,74.28192094,80.08690053,5.866788123,52973,21925,26,73.33674975,161.4674569,good
https://office.com/,3,35,1,0,0,0,12,0,0,14,67,24,56,1,8,30,21,0,1,830,269940,4,19370,2.988354109,81.64102338,3,9586,3.538201512,90428,10908,17,70.9546325,89.71233078,7.506217419,39553,10908,16,70.9546325,165.4379613,good
https://bongacams.com/,0,0,0,0,0,0,0,0,0,0,2,0,3,0,0,2,0,0,0,21,2981,0,574,0.192552835,5.616789035,0,37,0.116352201,318,622,1,5.955187142,7.433962264,0.258741259,143,622,1,5.955187142,15.23076923,good
https://paypal.com/,0,21,4,0,0,0,13,7,5,6,40,7,42,2,6,37,68,0,4,623,360212,0,11147,0.719593415,87.95461506,166,13974,2.479526704,117800,21950,17,74.45418194,80.12163687,5.864031922,52961,21926,26,73.50901074,161.537702,good
https://office.com/,3,35,1,0,0,0,12,0,0,14,67,24,56,1,8,30,21,0,1,830,269940,4,19370,2.988354109,81.64102338,3,9586,3.538201512,90428,10908,17,70.9546325,89.71233078,7.506217419,39553,10908,16,70.9546325,165.4379613,good
https://bongacams.com/,0,0,0,0,0,0,0,0,0,0,2,0,3,0,0,2,0,0,0,21,2981,0,574,0.192552835,5.624061008,0,38,0.119496855,318,622,1,5.936609759,7.433962264,0.265734266,143,622,1,5.936609759,15.23076923,good
https://paypal.com/,0,19,4,0,0,0,14,5,5,3,34,7,34,2,4,20,68,0,4,405,250100,0,8233,0.809148859,80.5669891,179,10338,2.732333901,84858,21761,16,68.95063268,87.57789064,7.29347638,38459,21737,25,68.00546149,186.776948,good
https://paypal.com/,0,0,0,0,0,0,0,0,0,0,0,0,0,0,0,0,0,0,0,0,0,0,0,0,0,0,0,0,0,0,0,0,0,0,0,0,0,0,0,good
https://google.com.tw/,1,10,1,1,1,0,3,0,5,3,26,11,10,0,7,2,7,0,1,216,93049,0,1657,0.171846932,47.55051087,0,4628,1.201663007,45354,3139,9,37.84864475,27.05773551,2.8974968,20023,3139,10,37.84864475,54.14570194,good
https://google.com.tw/,1,10,1,1,1,0,3,0,5,3,26,11,10,0,7,2,7,0,1,216,93032,0,1657,0.171885546,47.53841688,0,4628,1.201663007,45354,3123,9,37.82458945,27.03930365,2.8974968,20023,3123,10,37.82458945,54.10126951,good
https://google.com.au/,1,10,1,1,1,0,3,0,5,3,26,11,10,0,7,2,7,0,1,216,93194,0,1657,0.171494063,47.57357434,0,4628,1.201663007,45354,3282,9,37.865793,27.22486917,2.8974968,20023,3282,10,37.865793,54.54754577,good
https://whatsapp.com/,4,19,6,0,0,0,3,3,0,7,17,2,15,2,4,3,2,0,6,212,169066,0,2218,0.111167402,81.64385962,0,5640,1.909515089,49935,1363,16,63.30788921,66.41664708,5.034002675,21704,756,31,62.65470051,150.876549,good
https://google.pl/,1,10,1,1,1,0,3,0,5,3,26,11,10,0,7,2,7,0,1,216,93049,0,1657,0.171865978,47.52214236,0,4628,1.201663007,45354,3143,9,37.79224301,27.05940265,2.8974968,20023,3143,10,37.79224301,54.15073822,good
https://xhamster.com/,0,0,0,0,0,0,0,0,0,0,2,0,3,0,0,2,0,0,0,18,2977,0,574,0.192811555,5.613204746,0,36,0.113207547,318,622,1,5.932338,7.421383648,0.251748252,143,622,1,5.932338,15.2027972,good
https://detail.tmall.com/,1,25,6,4,10,0,16,2,1,8,33,12,42,0,1,6,11,0,6,284,128137,0,3584,inf,36.91320718,0,4172,inf,42112,1875,8,30.72678985,inf,inf,17903,1559,19,30.02566795,inf,good
https://diply.com/,0,0,0,0,0,0,0,0,0,0,0,0,0,0,0,0,0,0,0,0,0,0,0,0,0,0,0,0,0,0,0,0,0,0,0,0,0,0,0,good
https://google.co.id/,1,10,1,1,1,0,3,0,5,3,26,11,10,0,7,2,7,0,1,216,93035,0,1657,0.171884526,47.54163755,0,4628,1.201663007,45354,3126,9,37.82873305,27.04211564,2.8974968,20023,3126,10,37.82873305,54.10828698,good
https://google.com.tw/,1,10,1,1,1,0,3,0,5,3,26,11,10,0,7,2,7,0,1,216,93123,0,1657,0.171674262,47.51420891,0,4628,1.201663007,45354,3206,9,37.81231033,27.13646101,2.8974968,20023,3206,10,37.81231033,54.33495922,good
https://google.com.au/,1,10,1,1,1,0,3,0,5,3,26,11,10,0,7,2,7,0,1,216,93116,0,1657,0.171702318,47.52122015,0,4628,1.201663007,45354,3199,9,37.81788344,27.12719381,2.8974968,20023,3199,10,37.81788344,54.31308255,good
https://whatsapp.com/,4,19,6,0,0,0,3,3,0,7,17,2,15,2,4,3,2,0,6,212,169067,0,2218,0.111166614,81.63414599,0,5638,1.908756939,49935,1363,16,63.00986748,66.4197335,5.032039966,21704,756,31,62.35667878,150.8859829,good
https://google.pl/,1,10,1,1,1,0,3,0,5,3,26,11,10,0,7,2,7,0,1,216,93051,0,1657,0.171861328,47.53134123,0,4628,1.201663007,45354,3145,9,37.81569127,27.0616936,2.8974968,20023,3145,10,37.81569127,54.15626308,good
https://xhamster.com/,0,0,0,0,0,0,0,0,0,0,2,0,3,0,0,2,0,0,0,18,2977,0,574,0.192811555,5.614775717,0,37,0.116352201,318,622,1,5.951381484,7.421383648,0.258741259,143,622,1,5.951381484,15.2027972,good
https://detail.tmall.com/,1,25,6,4,10,0,16,2,1,8,33,12,42,0,1,6,11,0,6,284,128137,0,3584,inf,36.9274263,0,4172,inf,42112,1875,8,30.70179291,inf,inf,17903,1559,19,30.000671,inf,good
https://diply.com/,0,0,0,0,0,0,0,0,0,0,0,0,0,0,0,0,0,0,0,0,0,0,0,0,0,0,0,0,0,0,0,0,0,0,0,0,0,0,0,good
https://google.co.id/,1,10,1,1,1,0,3,0,5,3,26,11,10,0,7,2,7,0,1,216,93091,0,1657,0.171751601,47.5311782,0,4628,1.201663007,45354,3175,9,37.83110289,27.10022258,2.8974968,20023,3175,10,37.83110289,54.2478205,good
https://craigslist.org/,1,1,1,0,0,0,0,0,0,1,1,3,4,0,0,4,2,0,1,41,20545,0,473,0.596488243,18.61156427,0,905,2.010894283,727,1409,4,17.77258362,58.59064467,3.427595386,461,1409,9,17.77258362,104.6427093,good
https://txxx.com/,0,0,0,0,0,0,0,0,0,0,2,0,3,0,0,2,0,0,0,20,2973,0,574,0.193070972,5.614389718,0,36,0.113207547,318,622,1,5.932059544,7.408805031,0.251748252,143,622,1,5.932059544,15.17482517,good
https://dropbox.com/,3,9,6,0,0,0,2,1,0,6,94,17,69,0,0,5,0,0,6,444,620232,0,17912,inf,247.6571539,0,13176,inf,20381,154493,49,204.0073349,inf,inf,8960,154493,123,204.0073349,inf,good
https://amazon.de/,13,21,4,0,0,0,4,2,1,5,34,6,21,0,15,24,25,0,4,369,171161,0,8596,inf,621.3250993,0,5326,inf,52572,16800,126,497.8989898,inf,inf,22389,16800,190,497.8989898,inf,good
https://google.com.ar/,0,0,0,0,0,0,0,0,0,0,0,0,0,0,0,0,0,0,0,0,0,0,0,0,0,0,0,0,0,0,0,0,0,0,0,0,0,0,0,good
https://amazon.in/,0,0,0,0,0,0,0,0,0,0,0,0,0,0,0,0,0,0,0,0,0,0,0,0,0,0,0,0,0,0,0,0,0,0,0,0,0,0,0,good
https://txxx.com/,0,0,0,0,0,0,0,0,0,0,2,0,3,0,0,2,0,0,0,20,2973,0,574,0.193070972,5.609339789,0,36,0.113207547,318,622,1,5.915472497,7.408805031,0.251748252,143,622,1,5.915472497,15.17482517,good
https://google.com.pk/,1,10,1,1,1,0,3,0,5,3,26,11,10,0,7,2,7,0,1,216,93050,0,1657,0.171842549,47.53152848,0,4628,1.201663007,45354,3136,9,37.76021304,27.05638175,2.8974968,20023,3136,10,37.76021304,54.14214752,good
https://thepiratebay.org/,0,0,0,0,0,0,0,0,0,0,2,0,3,0,0,2,0,0,0,21,2985,0,574,0.192294807,5.607637491,0,36,0.113207547,318,622,1,5.94221813,7.446540881,0.251748252,143,622,1,5.94221813,15.25874126,good
https://google.co.th/,1,10,1,1,1,0,3,0,5,3,26,11,10,0,7,2,7,0,1,216,93108,0,1657,0.171714058,47.51761772,0,4628,1.201663007,45354,3195,9,37.76916805,27.12323611,2.8974968,20023,3195,10,37.76916805,54.30362758,good
https://porn555.com/,0,0,0,0,0,0,0,0,0,0,2,0,3,0,0,2,0,0,0,20,2976,0,574,0.192876344,5.625040172,0,37,0.116352201,318,622,1,5.953864657,7.418238994,0.258741259,143,622,1,5.953864657,15.1958042,good
https://tianya.cn/,0,3,2,2,9,0,3,6,0,2,3,2,3,0,0,2,1,2,2,75,21990,0,351,0.290157544,35.63723663,0,819,0.975505089,5796,3318,7,28.01808434,25.04231437,2.310725724,2548,3318,13,28.01808434,49.49106043,good
https://google.com.eg/,1,10,1,1,1,0,3,0,5,3,26,11,10,0,7,2,7,0,1,216,93089,0,1657,0.171752305,47.54086891,0,4628,1.201663007,45354,3175,9,37.77199838,27.10105529,2.8974968,20023,3175,10,37.77199838,54.24988232,good
https://china.com/,1,15,71,3,4,0,52,11,3,18,36,1,44,0,15,25,17,3,71,588,149708,0,3121,inf,56.33332784,0,5879,inf,53939,6093,12,46.84224435,inf,inf,23700,2206,12,47.49749455,inf,good
https://bbc.co.uk/,32,34,7,0,1,0,16,5,0,887,96,17,129,7,1,1820,7,0,7,1290,1501310,0,46642,0.941953307,190.3525043,0,44694,363.9551049,413846,178098,37,150.9824173,25635.72342,729.1347999,178169,178098,98,150.9824173,51259.86276,good
https://google.com.sa/,0,0,0,0,0,0,0,0,0,0,0,0,0,0,0,0,0,0,0,0,0,0,0,0,0,0,0,0,0,0,0,0,0,0,0,0,0,0,0,good
https://savefrom.net/,1,15,4,2,3,0,0,2,0,50,37,1,51,4,2,25,12,1,4,287,162032,0,5820,3.672300615,156.284408,0,5871,5.62141499,45231,9091,32,131.7909965,151.6538761,12.88781447,19018,8800,42,130.8743437,296.4957231,good
https://amazon.co.uk/,0,0,0,0,0,0,0,0,0,0,0,0,0,0,0,2,0,1,0,0,956,0,230,0.92223352,12.72295463,0,25,0.666398066,168,106,3,10.81177469,11.6288477,1.457869013,69,106,6,10.81177469,21.66940371,good
https://bbc.com/,3,29,1,0,1,0,13,0,0,71,60,7,91,12,16,96,14,0,1,604,294979,0,25426,5.103430037,217.1068698,0,11060,8.499208606,99460,6480,45,175.6251904,172.7010125,20.90996779,42568,3158,60,174.3012435,341.0289753,good
https://fc2.com/,4,6,1,0,1,0,6,0,2,2,17,3,21,3,3,10,12,2,1,141,60920,0,953,inf,45.47222468,0,2596,inf,20537,805,9,38.92699903,inf,inf,8792,683,17,37.39552178,inf,good
https://mozilla.org/,0,7,2,0,0,0,4,0,0,2,32,0,19,8,0,14,15,0,2,198,71002,0,3235,0.296852544,57.27608727,0,2331,1.937683833,17523,3814,11,48.37862106,55.91974568,4.47161026,7534,3814,13,48.37862106,112.4679324,good
https://rakuten.co.jp/,0,0,0,0,0,0,0,0,0,0,0,0,0,0,0,0,0,0,0,0,0,0,0,0,0,0,0,0,0,0,0,0,0,0,0,0,0,0,0,good
https://cnn.com/,28,201,162,3,14,0,127,31,7,1012,492,76,473,15,16,300,76,2,162,10632,3284117,5,72593,1.328155342,139.4055543,0,125063,4.468237535,1184548,12246,28,115.9601809,121.7454371,10.88641356,509562,10805,43,113.2565752,249.9596584,good
https://so.com/,0,8,1,3,7,0,8,0,4,4,10,1,78,0,1,10,1,0,1,160,101869,0,959,0.409679061,50.25933588,0,2585,1.44209196,16508,4983,10,40.05707595,45.05450283,3.04938639,7403,2836,13,39.72171186,79.87180681,good
https://soundcloud.com/,3,43,12,3,25,0,19,16,0,152,64,2,79,8,3,597,4,0,12,1311,1030727,0,21675,0.422541946,86.62710696,0,34606,2.699532572,214164,18358,17,70.16387035,61.93588539,5.951286638,95412,18305,32,69.89693683,113.5039745,good
https://google.com.ua/,1,10,1,1,1,0,3,0,5,3,26,11,10,0,7,2,7,0,1,216,93041,0,1657,0.171870524,47.54758607,0,4628,1.201663007,45354,3122,9,37.77781854,27.04086637,2.8974968,20023,3122,10,37.77781854,54.10464116,good
https://quora.com/,0,0,1,1,1,0,0,0,0,0,4,0,0,0,0,1,2,0,1,6,1076,0,7,0.006505576,5.218875148,0,30,0.07751938,387,25,1,3.70346519,2.757105943,0.180722892,166,25,1,3.70346519,5.018072289,good
https://ask.com/,15,39,71,2,7,0,107,16,0,770,173,29,123,6,9,66,27,1,71,2584,1031250,0,22834,0.752847844,114.1996661,890,35476,2.928819262,402157,7524,22,92.69564379,108.2618869,6.631920911,168730,7344,37,93.16093471,211.8330222,good
https://clicksgear.com/,0,0,0,0,0,0,0,0,0,0,0,0,0,0,0,0,0,0,0,0,0,0,0,0,0,0,0,0,0,0,0,0,0,0,0,0,0,0,0,good
https://xnxx.com/,0,0,0,0,0,0,0,0,0,0,0,0,0,0,0,0,0,0,0,0,0,0,0,0,0,0,0,0,0,0,0,0,0,0,0,0,0,0,0,good
https://google.nl/,1,10,1,1,1,0,3,0,5,3,26,11,10,0,7,2,7,0,1,216,93082,0,1657,0.171787705,47.52799299,0,4628,1.201663007,45354,3172,9,37.76333312,27.09470411,2.8974968,20023,3172,10,37.76333312,54.23558158,good
https://naver.com/,4,44,9,7,28,0,14,5,7,100,59,7,85,0,21,34,13,1,9,1028,470087,0,10542,inf,72.5347044,0,20420,inf,166273,28296,14,58.91051722,inf,inf,72181,27988,17,58.73396513,inf,good
https://adf.ly/,0,0,0,0,0,0,0,0,0,0,2,0,3,0,0,2,0,0,0,18,2969,0,574,0.193331088,5.630070817,0,36,0.113207547,318,622,1,5.953286651,7.396226415,0.251748252,143,622,1,5.953286651,15.14685315,good
https://dailymotion.com/,0,16,5,0,0,0,7,1,2,75,18,3,52,0,0,12,3,0,5,660,189240,0,4655,1.673405629,50.67794788,0,8351,2.093464971,82666,1585,11,38.91387815,49.41421819,4.138027414,35835,1585,16,38.91387815,90.12035322,good
https://google.co.za/,1,10,1,1,1,0,3,0,5,3,26,11,10,0,7,2,7,0,1,216,93089,0,1657,0.171766184,47.53435936,0,4628,1.201663007,45354,3169,9,37.76503383,27.09418353,2.8974968,20023,3169,10,37.76503383,54.23343912,good
https://google.co.ve/,1,10,1,1,1,0,3,0,5,3,26,11,10,0,7,2,7,0,1,216,93113,0,1657,0.171710333,47.53253207,0,4628,1.201663007,45354,3194,9,37.77493806,27.12271616,2.8974968,20023,3194,10,37.77493806,54.30226636,good
https://salesforce.com/,16,41,7,1,11,0,27,14,3,118,315,87,189,27,13,38,10,0,7,1810,544051,0,12639,2.339654246,141.4818601,0,21119,5.767206205,190009,8376,28,119.7780078,343.4302666,13.38241666,81921,8340,32,120.9848514,782.9767204,good
https://espn.com/,26,141,35,11,45,0,69,16,13,54,331,26,301,26,15,75,64,6,35,3291,2859359,20,38449,2.086999933,134.8568307,0,70010,4.707631499,673207,46048,28,111.8470797,148.1440484,11.59583174,302102,46048,64,111.8470797,317.5176248,good
https://fbcdn.net/,0,11,5,0,7,0,7,3,0,5,22,1,29,0,0,6,2,0,5,156,133231,0,2410,0.200867429,82.10862433,0,5487,2.589541812,44219,1920,17,66.21007112,69.9061308,6.367300252,19352,1297,38,64.86393782,147.2480625,good
https://stackexchange.com/,42,147,40,0,30,0,163,40,33,245,653,167,671,28,50,132,68,0,40,6972,2456370,0,221245,20.01547822,533.7651576,0,95352,18.65541722,795391,39860,115,475.5356176,454.7438407,46.49925929,344334,14834,261,473.1561747,931.2995715,good
https://blogger.com/,0,0,0,0,0,0,0,0,0,0,0,0,0,0,0,0,0,0,0,0,0,0,0,0,0,0,0,0,0,0,0,0,0,0,0,0,0,0,0,good
https://google.co.kr/,0,0,0,0,0,0,0,0,0,0,0,0,0,0,0,0,0,0,0,0,0,0,0,0,0,0,0,0,0,0,0,0,0,0,0,0,0,0,0,good
https://google.co.kr/,1,10,1,1,1,0,3,0,5,3,26,11,10,0,7,2,7,0,1,216,93134,0,1657,0.17166451,47.52894924,0,4628,1.201663007,45354,3214,9,37.77669553,27.14572992,2.8974968,20023,3214,10,37.77669553,54.35774852,good
https://ebay.de/,22,10,6,2,25,0,32,3,0,26,62,93,41,7,8,23,11,1,6,639,340739,0,7128,3.320193584,169.0278708,0,9097,inf,101205,6088,33,140.6623533,inf,inf,43563,6065,64,141.2126738,inf,good
https://vimeo.com/,0,25,4,3,6,0,9,4,0,179,28,11,66,2,2,43,4,0,4,829,576556,0,19567,1.156569451,88.27488794,0,18925,3.515000103,116237,21441,18,72.28110485,99.11785708,7.996052133,50492,21441,33,72.28110485,199.8101505,good
https://google.co.kr/,1,10,1,1,1,0,3,0,5,3,26,11,10,0,7,2,7,0,1,216,93131,0,1657,0.171658839,47.52589928,0,4628,1.201663007,45354,3212,9,37.76385598,27.14354236,2.8974968,20023,3212,10,37.76385598,54.35200088,good
https://ebay.de/,22,10,6,2,25,0,32,3,0,26,62,93,41,7,8,23,11,1,6,639,342924,0,7142,3.320601513,169.11804,0,9104,inf,101385,6088,33,140.6821437,inf,inf,43637,6065,64,141.2324641,inf,good
https://vimeo.com/,0,25,4,3,6,0,9,4,0,179,28,11,66,2,2,43,4,0,4,829,576556,0,19567,1.156569451,88.27488794,0,18925,3.515000103,116237,21441,18,72.28110485,99.11785708,7.996052133,50492,21441,33,72.28110485,199.8101505,good
https://theguardian.com/,0,12,0,0,0,0,2,0,0,0,2,3,10,2,0,12,2,1,0,120,87277,0,3184,0.833862763,52.75815806,0,2116,1.871617178,17092,1047,11,46.08970796,54.51784212,4.258323681,6564,1047,27,46.08970796,111.6581932,good
https://blastingnews.com/,0,1,0,0,0,0,0,0,0,0,4,2,0,5,1,2,2,0,0,48,17233,4,308,0.152097998,40.05634854,0,630,1.821077386,2777,3490,8,32.1075512,47.54533522,4.173639613,1207,3490,13,32.1075512,97.78471237,good
https://steampowered.com/,0,13,1,0,0,0,3,0,2,3,11,1,47,1,0,9,0,0,1,96,293797,0,12711,1.481688269,110.082584,0,6610,3.692351794,56739,3782,22,90.37297139,160.576776,8.29500307,24920,1540,54,87.01307029,317.2524031,good
https://chaturbate.com/,0,0,0,0,0,0,0,0,0,0,2,0,3,0,0,2,0,0,0,20,2981,0,574,0.192552835,5.619597742,0,36,0.113207547,318,622,1,5.92155812,7.433962264,0.251748252,143,622,1,5.92155812,15.23076923,good
https://ebay.co.uk/,22,11,4,2,25,0,34,3,0,26,64,93,44,7,8,24,13,1,4,645,355284,0,7368,3.107206237,164.6726961,0,9325,inf,104230,6103,32,137.2846838,inf,inf,44707,6080,61,137.8350042,inf,good
https://google.gr/,1,10,1,1,1,0,3,0,5,3,26,11,10,0,7,2,7,0,1,216,93097,0,1657,0.171753619,47.54221072,0,4628,1.201663007,45354,3187,9,37.92228003,27.11188624,2.8974968,20023,3187,10,37.92228003,54.27701804,good
https://google.com.vn/,1,10,1,1,1,0,3,0,5,3,26,11,10,0,7,2,7,0,1,216,93139,0,1657,0.171648424,47.5380547,0,4628,1.201663007,45354,3218,9,37.92573941,27.15104051,2.8974968,20023,3218,10,37.92573941,54.3703016,good
https://buzzfeed.com/,6,83,75,2,9,0,34,6,5,681,210,42,432,4,8,130,41,0,75,1716,2052321,2,54876,1.981062609,137.1806702,1,59755,3.468767956,541133,98295,27,109.4807635,95.91762061,8.274114609,234638,95921,38,110.6761527,189.5857246,good
https://indeed.com/,0,3,0,0,0,0,2,0,0,2,2,0,1,5,0,1,9,0,0,32,15820,0,250,0.159634491,20.40611791,0,675,0.35364751,6551,123,4,14.92210984,14.173934,0.831859455,2814,120,4,15.33351508,25.43256147,good
https://dailymail.co.uk/,3,249,72,8,30,0,224,31,13,767,262,79,287,58,18,377,79,1,72,4684,3535332,0,89507,6.723905789,297.1241819,0,115574,inf,661568,27247,62,239.140153,inf,inf,287841,27184,130,238.9347818,inf,good
https://mediafire.com/,0,0,0,0,0,0,0,0,0,0,2,0,3,0,0,2,0,0,0,20,2985,0,574,0.192294807,5.607194972,0,36,0.113207547,318,622,1,5.935204513,7.446540881,0.251748252,143,622,1,5.935204513,15.25874126,good
https://avito.ru/,0,1,0,0,0,0,0,0,0,0,0,0,1,0,0,0,0,0,0,0,267,0,85,0.31835206,4.080247188,0,12,0.230769231,52,10,1,2.921928095,3.365384615,0.571428571,21,10,4,2.921928095,6.80952381,good
https://cnet.com/,37,142,144,13,25,0,134,21,4,1281,368,78,492,11,20,170,35,1,144,4731,2813832,0,61881,3.070928186,225.3991069,0,97627,5.579541841,918090,161187,44,195.1161853,146.5976213,13.25049849,393438,159986,58,196.5762546,279.3562243,good
https://google.com.sg/,0,0,0,0,0,0,0,0,0,0,0,0,0,0,0,0,0,0,0,0,0,0,0,0,0,0,0,0,0,0,0,0,0,0,0,0,0,0,0,good
https://globo.com/,9,41,11,2,7,0,21,11,5,53,173,45,110,34,17,38,14,0,11,1694,659192,0,20087,5.448381872,189.638147,0,28469,8.698351403,253993,2927,39,157.2227583,164.9897842,20.92384396,110196,2902,96,158.0985322,333.9880275,good
https://spotify.com/,1,23,4,1,11,0,5,8,0,85,62,18,58,0,3,99,5,0,4,4243,535781,0,10196,0.674644568,108.7149571,0,18692,3.927421907,130584,12227,21,90.97884023,104.602634,8.529116866,58677,12227,27,90.97884023,201.7894007,good
https://flipkart.com/,2,67,6,2,2,0,25,7,0,1018,178,21,78,6,5,1612,3,0,6,7066,1461135,0,29188,0.80952648,95.92295605,0,52415,5.866091292,190987,123695,21,78.59311702,113.4501606,inf,83349,123687,26,78.30626948,inf,good
https://ladbible.com/,0,0,0,0,0,0,0,0,0,0,2,0,3,0,0,2,0,0,0,21,2985,0,574,0.192294807,5.626033982,0,36,0.113207547,318,622,1,5.974891276,7.446540881,0.251748252,143,622,1,5.974891276,15.25874126,good
https://google.com.ph/,1,10,1,1,1,0,3,0,5,3,26,11,10,0,7,3,9,0,1,222,91614,0,1624,0.197888579,52.51946338,0,4622,1.302597825,45391,1872,10,41.59745177,28.02232962,3.176403559,20035,1872,11,41.59745177,55.89504717,good
https://google.com.co/,0,0,0,0,0,0,0,0,0,0,0,0,0,0,0,0,0,0,0,0,0,0,0,0,0,0,0,0,0,0,0,0,0,0,0,0,0,0,0,good
https://popcash.net/,5,40,6,0,2,0,13,8,0,14,122,24,90,0,4,30,5,0,6,841,317481,0,35577,1.726433063,42.46179093,0,11058,1.334272779,111466,3625,9,36.74364113,27.39703219,3.212840802,48612,1959,11,37.21770945,52.17610979,good
https://google.be/,1,10,1,1,1,0,3,0,5,3,26,11,10,0,7,2,7,0,1,216,93131,0,1657,0.171684879,47.52745386,0,4628,1.201663007,45354,3215,9,37.89124673,27.14458507,2.8974968,20023,3215,10,37.89124673,54.35576732,good
https://google.se/,0,0,0,0,0,0,0,0,0,0,0,0,0,0,0,0,0,0,0,0,0,0,0,0,0,0,0,0,0,0,0,0,0,0,0,0,0,0,0,good
https://deviantart.com/,0,0,0,0,0,0,0,0,0,0,0,0,0,0,0,0,0,0,0,0,0,0,0,0,0,0,0,0,0,0,0,0,0,0,0,0,0,0,0,good
https://zhihu.com/,0,6,0,1,1,0,4,0,0,172,19,2,10,2,0,69,0,0,0,318,262493,0,4214,inf,47.62738195,0,7653,inf,88071,9950,9,40.86138377,inf,inf,36869,9950,12,40.86138377,inf,good
https://google.cn/,0,0,0,0,0,0,0,0,0,0,0,0,3,0,2,0,1,0,0,4,1783,0,29,0.016264722,5.362526473,0,75,0.147637795,508,55,1,4.594374031,3.44488189,0.337837838,222,55,1,4.594374031,6.369369369,good
https://github.io/,0,0,0,0,0,0,0,0,0,0,0,0,0,0,0,0,0,0,0,0,1263,0,68,0.216008323,19.04744423,0,12,0.285555556,214,291,4,16.7949505,26.17111111,0.604377104,88,291,13,16.7949505,50.48569024,good
https://github.io/,0,0,0,0,0,0,0,0,0,0,0,0,0,0,0,0,0,0,0,0,1263,0,68,0.216008323,19.04744423,0,12,0.285555556,214,291,4,16.7949505,26.17111111,0.604377104,88,291,13,16.7949505,50.48569024,good
https://google.az/,0,0,0,0,0,0,0,0,0,0,0,0,0,0,0,0,0,0,0,0,0,0,0,0,0,0,0,0,0,0,0,0,0,0,0,0,0,0,0,good
https://douyu.com/,7,21,4,0,0,0,18,3,1,44,56,7,39,1,1,188,4,0,4,838,514614,0,7232,0.149917316,52.5289588,0,17920,1.721137991,143556,33921,10,45.05654791,60.9821891,3.703691719,63805,920,12,43.89400415,115.4386769,good
https://uol.com.br/,627,928,2348,108,126,0,1113,175,102,6370,4276,712,2868,327,257,3883,549,51,2348,71199,22262711,0,1469058,inf,2743.805722,0,771988,inf,5574971,1370068,564,2366.755032,inf,inf,2353688,1369915,977,2377.422049,inf,good
https://force.com/,17,42,7,2,12,0,33,15,3,132,326,88,201,27,13,42,12,0,7,2244,820465,0,20417,2.894365935,159.5194737,0,30019,9.623196655,233431,12813,32,132.1843499,520.6970552,23.46959612,101969,12020,49,132.6538421,1242.709038,good
https://slideshare.net/,11,28,47,4,12,0,48,6,0,269,109,16,398,1,3,43,8,0,47,996,654473,0,13395,1.36774777,113.3598579,0,20970,inf,189281,32599,22,95.64108839,inf,inf,81807,30613,32,95.26829723,inf,good
https://upornia.com/,0,0,0,0,0,0,0,0,0,0,2,0,3,0,0,2,0,0,0,20,2977,0,574,0.192811555,5.608878931,0,37,0.116352201,318,622,1,5.934261871,7.421383648,0.258741259,143,622,1,5.934261871,15.2027972,good
https://wikihow.com/,0,2,2,0,0,0,1,0,0,0,6,0,2,5,0,5,14,0,2,91,26635,0,441,0.991097619,398.4944703,1,950,4.286005216,8230,1765,88,282.8157547,405.9005483,9.817613717,3567,1608,41,280.2608903,736.0281049,good
https://yelp.com/,0,25,4,0,2,0,47,7,0,36,71,22,133,8,2,86,3,0,4,1065,968829,0,22986,2.262102482,320.5802616,0,32474,8.150906959,315673,13016,62,257.6938497,228.5077669,inf,132626,12989,85,257.6443684,inf,good
https://daikynguyenvn.com/,0,0,0,0,0,0,0,0,0,0,2,0,3,0,0,2,0,0,0,18,2969,0,574,0.193331088,5.619907069,0,36,0.113207547,318,622,1,5.936259677,7.396226415,0.251748252,143,622,1,5.936259677,15.14685315,good
https://w3schools.com/,5,6,3,0,4,0,13,3,0,0,19,9,21,0,1,7,64,0,3,89,133357,0,8918,1.597110271,59.19737349,4095,2744,1.527227084,36354,1410,12,52.33990282,42.86958636,3.73991719,15674,1410,22,52.33990282,84.93359866,good
https://w3schools.com/,5,6,3,0,4,0,13,3,0,0,19,9,21,0,1,7,64,0,3,89,133357,0,8918,1.597110271,59.19737349,4095,2744,1.527227084,36354,1410,12,52.33990282,42.86958636,3.73991719,15674,1410,22,52.33990282,84.93359866,good
https://pinimg.com/,11,45,22,3,5,0,16,3,0,689,80,17,118,3,1,45,16,0,22,2613,2389444,0,29561,0.691916389,184.697756,0,58248,4.919767326,519739,13289,35,149.2835861,1054.295246,11.06703509,227277,12953,45,148.0859628,2133.213169,good
https://pinimg.com/,7,45,22,3,5,0,16,3,0,689,80,17,119,3,1,45,18,0,22,2615,2391479,0,29636,0.701733151,189.8727425,0,58298,5.041105753,520016,13304,36,152.8726753,1056.721414,11.32596264,227410,12968,46,151.675052,2137.010531,good
https://etsy.com/,8,47,6,5,26,0,17,4,2,228,119,9,144,10,6,91,22,0,6,2011,757252,0,19488,1.186777498,106.2316629,0,32568,4.052412275,155716,6604,22,90.33784426,122.9141068,8.980283607,70171,2764,38,90.81055996,243.9260082,good
https://rambler.ru/,2,44,44,2,6,0,12,10,4,220,84,28,50,4,1,173,5,0,44,1711,579274,0,12641,3.201355551,152.0972448,1,24353,7.247466665,131301,44274,31,118.9629487,143.4449177,15.7202125,57592,44245,39,119.1023516,279.1966811,good
https://alibaba.com/,4,64,6,0,12,0,31,9,4,111,121,19,136,7,16,128,7,0,6,1439,752716,0,28031,11.53220228,316.6288586,1,29190,12.30368341,263918,7448,66,275.6151957,343.9117157,28.62762321,116430,7402,124,274.7426215,698.4210153,good
https://nih.gov/,6,14,17,0,1,6,57,2,7,9,69,4,92,1,12,39,21,3,17,825,184691,0,6432,1.290711071,89.79328166,0,6875,3.236640347,52796,5320,18,76.09554809,88.46537014,7.087830964,23255,2936,40,75.82621179,166.5977156,good
https://google.at/,0,0,0,0,0,0,0,0,0,0,0,0,0,0,0,0,0,0,0,0,0,0,0,0,0,0,0,0,0,0,0,0,0,0,0,0,0,0,0,good
https://hclips.com/,0,0,0,0,0,0,0,0,0,0,2,0,3,0,0,2,0,0,0,21,2977,0,574,0.192811555,5.620047022,0,36,0.113207547,318,622,1,5.952199312,7.421383648,0.251748252,143,622,1,5.952199312,15.2027972,good
https://softonic.com/,9,64,85,1,33,0,83,16,0,456,276,59,165,6,8,53,35,5,85,2461,1062339,0,19984,1.563790986,153.8798524,0,39561,3.428725094,415781,23656,31,126.5474385,115.0317943,8.578778003,177451,23616,58,125.2849734,238.3312548,good
https://babytree.com/,2,3,0,1,2,0,4,0,3,2,37,27,8,0,4,4,4,0,0,481,34615,0,4484,0.696740814,35.23227863,2,1234,0.925211593,10793,480,7,29.65807135,27.45992879,2.2400776,4721,472,10,29.25829179,55.71555289,good
https://redtube.com/,1,22,1,0,1,0,4,0,1,1,33,5,25,8,8,15,7,0,1,252,132238,11,5672,inf,199.9507677,82,3612,inf,31943,3867,42,173.3425984,inf,inf,13502,3852,156,173.8590654,inf,good
https://google.com.ng/,1,10,1,1,1,0,3,0,5,3,26,11,10,0,7,2,7,0,1,216,93134,0,1657,0.171638587,47.52243046,0,4628,1.201663007,45354,3220,9,37.90691827,27.15385056,2.8974968,20023,3220,10,37.90691827,54.37673137,good
https://iwanttodeliver.com/,0,0,0,0,0,0,0,0,0,0,0,0,0,0,0,0,0,0,0,0,0,0,0,0,0,0,0,0,0,0,0,0,0,0,0,0,0,0,0,good
https://9gag.com/,0,40,5,3,7,0,14,4,0,200,52,1,86,0,2,20,3,1,5,958,789876,0,15117,0.674538219,46.31802701,0,25682,100.9625754,249146,152629,9,39.83496528,12990.19882,222.4654078,103242,152629,16,39.83496528,28574.09857,good
https://google.com.pe/,0,0,0,0,0,0,0,0,0,0,0,0,0,0,0,0,0,0,0,0,0,0,0,0,0,0,0,0,0,0,0,0,0,0,0,0,0,0,0,good
https://mercadolivre.com.br/,0,8,2,0,0,0,3,0,0,21,14,0,4,5,1,7,4,0,2,189,53985,0,1922,0.463737038,35.53846735,0,2260,1.681745027,17440,5389,7,30.66230412,44.67682372,4.383208951,7451,5157,13,30.16305609,75.57203626,good
https://4chan.org/,0,0,0,0,0,0,0,0,0,0,2,0,3,0,0,2,0,0,0,19,3017,0,574,0.19025522,5.638323349,0,38,0.119496855,318,666,1,5.97376793,7.547169811,0.265734266,143,666,1,5.97376793,15.48251748,good
https://google.ro/,0,0,0,0,0,0,0,0,0,0,0,0,0,0,0,0,0,0,0,0,0,0,0,0,0,0,0,0,0,0,0,0,0,0,0,0,0,0,0,good
https://thestartmagazine.com/,0,19,0,0,0,0,12,0,0,3,52,9,37,3,4,18,7,0,0,332,122928,0,3091,0.748390791,44.96488427,0,4338,1.524326492,39217,2873,9,36.38286222,37.33468195,3.48187771,17012,1586,12,37.24327679,73.21352739,good
https://google.cz/,0,0,0,0,0,0,0,0,0,0,0,0,0,0,0,0,0,0,0,0,0,0,0,0,0,0,0,0,0,0,0,0,0,0,0,0,0,0,0,good
https://redd.it/,2,34,23,1,2,0,11,1,0,11,28,9,58,7,4,2352,22,0,23,3535,3063662,0,23957,1.571694277,189.139784,0,56093,15.02106164,550009,16600,37,154.8058809,205.9245719,35.31101086,231635,16565,47,154.7625051,418.7358519,good
https://google.ch/,1,10,1,1,1,0,3,0,5,3,26,11,10,0,7,2,7,0,1,216,93116,0,1657,0.17171836,47.38708662,0,4628,1.201663007,45354,3200,9,37.27579412,27.12740294,2.8974968,20023,3200,10,37.27579412,54.31433086,good
https://gfycat.com/,12,31,5,0,0,0,24,10,7,163,131,15,171,2,5,101,2,0,5,2004,1005154,2,21845,0.243555449,24.67043989,0,35310,15.22074704,17873,137365,5,22.14692108,87.60376024,38.81411532,7983,137365,11,22.14692108,210.4539669,good
https://amazon.fr/,0,0,0,0,0,0,0,0,0,0,0,0,0,0,0,0,0,0,0,0,0,0,0,0,0,0,0,0,0,0,0,0,0,0,0,0,0,0,0,good
https://performanceadexchange.com/,0,0,0,0,0,0,0,0,0,0,0,0,0,0,0,0,0,0,0,0,0,0,0,0,0,0,0,0,0,0,0,0,0,0,0,0,0,0,0,good
https://discordapp.com/,0,11,6,0,0,0,11,0,0,6,33,5,39,5,3,42,3,0,6,763,416230,0,8995,1.68605537,64.466141,0,13686,inf,119807,56911,13,54.03016253,inf,inf,53207,56911,17,54.03016253,inf,good
https://google.cl/,1,10,1,1,1,0,3,0,5,3,26,11,10,0,7,2,7,0,1,216,92928,0,1609,0.160963655,47.67920345,0,4618,1.185557001,45403,2962,9,37.49332068,26.71223889,2.860757334,20045,2962,10,37.49332068,53.36565399,good
https://wellsfargo.com/,0,2,1,0,0,0,0,0,1,41,16,0,17,0,0,6,1,0,1,125,60612,0,1934,1.15366756,64.75846752,0,2679,3.356349654,14063,1263,13,52.60210352,79.35397734,7.299331148,6277,1259,31,52.32064712,152.8811117,good
https://trello.com/,0,18,3,0,6,0,24,4,0,352,80,24,14,1,1,724,7,0,3,693,587823,0,15946,0.963373011,190.1115572,0,16810,4.619995688,146182,31587,37,152.3633219,143.0668777,inf,60942,31565,45,152.1656298,inf,good
https://amazon.it/,0,0,0,0,0,0,0,0,0,0,0,0,0,0,0,2,0,1,0,0,949,0,230,0.926709518,12.70240131,0,25,0.666398066,168,103,3,11.06385594,11.54649476,1.457869013,69,103,6,10.76884571,21.44359726,good
https://indiatimes.com/,0,0,0,0,0,0,0,0,0,0,0,0,0,0,0,0,0,0,0,0,0,0,0,0,0,0,0,0,0,0,0,0,0,0,0,0,0,0,0,good
https://battle.net/,0,0,0,0,0,0,0,0,0,0,0,0,0,0,0,1,0,0,0,4,457,0,6,0.139268051,23.43237987,0,10,0.078740157,151,113,5,19.04923104,21.97112861,0.188679245,65,113,1,19.04923104,39.55345912,good
https://google.pt/,0,0,0,0,0,0,0,0,0,0,0,0,0,0,0,0,0,0,0,0,0,0,0,0,0,0,0,0,0,0,0,0,0,0,0,0,0,0,0,good
https://zillow.com/,0,8,0,0,0,0,75,7,0,0,7,0,4,1,0,0,1,0,0,42,56067,0,1252,0.516607398,15.42837267,0,1345,0.684352597,18870,2901,3,13.24560492,12.5128675,1.429438965,7816,614,6,13.2068324,22.15999089,good
https://1688.com/,0,0,0,0,0,0,0,0,0,0,0,0,0,0,0,0,0,0,0,0,0,0,0,0,0,0,0,0,0,0,0,0,0,0,0,0,0,0,0,good
https://messenger.com/,8,38,12,0,0,0,6,6,0,14,34,4,30,4,8,6,4,0,12,424,314653,0,4514,0.29360083,172.7470868,0,11274,4.49103968,98290,3047,34,136.7723579,145.8637461,11.79136295,42293,1833,68,135.4659805,331.1323564,good
https://google.no/,0,0,0,0,0,0,0,0,0,0,0,0,0,0,0,0,0,0,0,0,0,0,0,0,0,0,0,0,0,0,0,0,0,0,0,0,0,0,0,good
https://gamepedia.com/,6,36,3,3,19,0,20,11,0,124,70,6,81,5,10,35,13,0,3,1077,402284,0,8512,0.388093929,77.45638608,2,18629,1.747609685,169044,1578,15,59.56894801,43.56190795,4.120875312,73072,1563,17,59.47912526,81.84566254,good
https://forbes.com/,0,0,0,0,0,0,0,0,0,0,0,0,0,0,0,0,1,0,0,0,70,0,3,0.042857143,4.583842882,0,4,0.210526316,19,14,1,3.324862958,3.526315789,0.571428571,7,14,3,3.324862958,7.857142857,good
https://yts.ag/,0,0,0,0,0,0,0,0,0,0,2,0,3,0,0,2,0,0,0,18,2969,0,574,0.193331088,5.594342246,0,37,0.116352201,318,622,1,5.926806863,7.396226415,0.258741259,143,622,1,5.926806863,15.14685315,good
https://google.ae/,0,0,0,0,0,0,0,0,0,0,0,0,0,0,0,0,0,0,0,0,0,0,0,0,0,0,0,0,0,0,0,0,0,0,0,0,0,0,0,good
https://abs-cbn.com/,0,0,0,0,0,0,0,0,0,0,0,0,0,0,0,0,0,0,0,0,0,0,0,0,0,0,0,0,0,0,0,0,0,0,0,0,0,0,0,good
https://youm7.com/,0,0,0,0,0,0,0,0,0,0,2,0,3,0,0,2,0,0,0,21,2981,0,574,0.192552835,5.619996721,0,36,0.113207547,318,622,1,5.952117997,7.433962264,0.251748252,143,622,1,5.952117997,15.23076923,good
https://pipeschannels.com/,0,0,0,0,0,0,0,0,0,0,0,0,0,0,0,0,0,0,0,0,0,0,0,0,0,0,0,0,0,0,0,0,0,0,0,0,0,0,0,good
https://weather.com/,52,701,502,30,65,0,1362,142,27,4740,1858,644,935,58,158,273,142,0,502,24772,14422382,0,199748,9.258805869,1158.521216,0,424412,4475.122084,4316035,2735577,224,978.3314873,241781.4469,9857.054586,1810689,2727918,425,989.9201473,533879.7829,good
https://outbrain.com/,3,15,0,0,0,0,19,0,1,14,101,6,48,2,2,42,15,0,0,591,230776,0,2647,0.233625121,25.29930267,0,8468,0.920156104,83259,2400,5,22.59567949,24.11372165,2.000992785,36676,2010,9,22.45972612,46.04993204,good
https://ikea.com/,0,0,0,0,0,0,0,0,0,0,0,0,0,0,0,0,0,0,0,0,0,0,0,0,0,0,0,0,0,0,0,0,0,0,0,0,0,0,0,good
https://spotscenered.info/,0,0,0,0,0,0,0,0,0,0,0,0,0,0,0,0,0,1,0,0,48,0,4,0.083333333,4.397055209,0,2,0.125,16,11,1,3.095795255,2.8125,0.333333333,6,11,3,3.095795255,5.833333333,good
https://trackmedia101.com/,0,7,10,0,0,0,12,0,2,12,12,2,8,4,0,4,15,2,10,407,80490,0,3969,1.532528187,81.19811046,0,3299,2.369118051,29855,5316,17,70.18968258,147.4567746,5.286837167,13241,4372,36,70.54477147,306.7867006,good
https://mega.nz/,2,6,6,0,0,0,5,0,0,3,29,0,31,1,2,0,2,0,6,3,64368,0,18775,0.291682202,4.65790679,2,1695,0.171281326,9896,1408,1,4.880272807,3.889955538,0.407647908,4158,1408,1,4.880272807,7.694324194,good
https://bilibili.com/,12,106,17,17,27,0,67,8,6,343,270,6,325,9,3,145,4,1,17,2874,1275356,0,36415,0.361679719,57.16411475,1,48986,1.632365365,467696,165553,11,42.55964175,33.65798877,3.80547465,202314,165485,14,40.03982508,62.62064638,good
https://google.dz/,0,0,0,0,0,0,0,0,0,0,0,0,0,0,0,0,0,0,0,0,0,0,0,0,0,0,0,0,0,0,0,0,0,0,0,0,0,0,0,good
https://huffingtonpost.com/,3,57,25,1,5,0,17,10,0,39,142,37,102,8,4,35,12,1,25,1258,596906,0,15972,4.834517669,230.7141947,604,23344,inf,196006,9849,46,190.3791545,inf,inf,85903,9441,85,187.0038552,inf,good
https://hotmovs.com/,0,0,0,0,0,0,0,0,0,0,2,0,3,0,0,2,0,0,0,20,2977,0,574,0.192811555,5.61184794,0,38,0.119496855,318,622,1,5.963268617,7.421383648,0.265734266,143,622,1,5.963268617,15.2027972,good
https://speedtest.net/,0,0,0,0,0,0,0,0,0,0,2,0,3,0,0,2,0,0,0,20,2985,0,574,0.192294807,5.62065037,0,37,0.116352201,318,622,1,5.978192532,7.446540881,0.258741259,143,622,1,5.978192532,15.25874126,good
https://livejournal.com/,0,0,0,0,0,0,0,0,0,0,0,0,0,0,0,0,0,0,0,0,0,0,0,0,0,0,0,0,0,0,0,0,0,0,0,0,0,0,0,good
https://google.ie/,0,0,0,0,0,0,0,0,0,0,0,0,0,0,0,0,0,0,0,0,0,0,0,0,0,0,0,0,0,0,0,0,0,0,0,0,0,0,0,good
https://adexchangeprediction.com/,0,0,0,0,0,0,0,0,0,0,0,0,0,0,0,0,0,0,0,0,0,0,0,0,0,0,0,0,0,0,0,0,0,0,0,0,0,0,0,good
https://hotstar.com/,0,0,0,0,0,0,0,0,0,0,0,0,0,0,0,0,0,0,0,0,0,0,0,0,0,0,0,0,0,0,0,0,0,0,0,0,0,0,0,good
https://rarbg.to/,2,5,0,0,0,0,7,2,3,5,19,3,40,0,6,14,9,0,0,428,94076,0,1394,1.021245847,62.87260368,234,2701,2.306178021,24416,3773,13,43.92331964,41.20881631,5.076609543,10027,1029,17,43.3281772,75.99722165,good
https://wetransfer.com/,0,0,0,0,0,0,0,0,0,0,0,0,1,0,0,6,0,0,0,14,10808,0,594,1.539586697,100.7714731,0,293,5.244391099,2575,878,21,81.81723383,127.2287228,11.39075249,1110,878,65,81.81723383,238.73192,good
https://ign.com/,2,20,14,2,3,0,16,6,0,11,49,10,29,3,12,66,58,0,14,785,194723,0,7377,1.786441717,103.3826645,2,7685,2.240578999,72533,4768,21,82.7851182,84.68001183,5.438967321,31231,4622,45,81.75900758,167.4656003,good
https://google.hu/,0,0,0,0,0,0,0,0,0,0,0,0,0,0,0,0,0,0,0,0,0,0,0,0,0,0,0,0,0,0,0,0,0,0,0,0,0,0,0,good
https://foxnews.com/,3,26,27,0,0,0,94,3,0,7,88,6,85,2,20,27,4,2,27,634,317839,4,12207,6.352876552,101.946897,0,11117,4.274417106,104389,5162,23,91.1922511,119.7219866,10.15818128,44727,4998,33,90.28185609,248.7133453,good
https://aol.com/,10,72,17,0,0,0,43,4,3,184,56,5,55,14,7,57,36,2,17,1062,964271,0,17357,inf,424.7986257,0,25885,inf,184618,131723,87,334.5045882,inf,inf,80689,131722,202,334.5045882,inf,good
https://sharepoint.com/,4,21,44,0,0,0,5,2,0,6,34,8,27,6,11,56,15,0,44,225,234303,0,33360,1.469380298,96.968619,0,8042,7.151411989,47025,23798,21,83.80777357,178.8042834,14.90137436,20298,23621,61,83.89688149,344.7420227,good
https://archive.org/,0,12,2,0,0,0,6,2,4,184,30,1,38,1,7,39,0,1,2,1031,383363,0,23793,0.827508457,30.17877235,1,15421,0.81250355,105956,15729,6,25.80916728,19.96321827,1.782810605,46444,15729,6,25.80916728,34.34903513,good
https://airbnb.com/,0,0,0,0,0,0,0,0,0,0,0,0,0,0,0,0,0,0,0,0,0,0,0,0,0,0,0,0,0,0,0,0,0,0,0,0,0,0,0,good
https://allegro.pl/,0,0,0,0,0,0,0,0,0,0,0,0,0,0,0,0,0,0,0,0,0,0,0,0,0,0,0,0,0,0,0,0,0,0,0,0,0,0,0,good
https://bestbuy.com/,0,0,0,0,0,0,0,0,0,0,0,0,0,0,0,0,0,0,0,0,0,0,0,0,0,0,0,0,0,0,0,0,0,0,0,0,0,0,0,good
https://ltn.com.tw/,0,37,22,0,3,0,23,8,1,11,128,37,70,1,3,26,10,2,22,733,303405,0,28591,14.62700948,319.8226005,0,10373,9.126194483,114794,3386,71,270.9610527,274.9106052,20.42188207,49636,3386,128,270.9610527,519.7143544,good
https://huanqiu.com/,7,23,91,2,2,0,56,9,11,26,63,4,84,0,15,40,12,6,91,649,273124,0,6663,1.217243504,50.81654758,0,9612,1.293367016,110048,6800,10,42.90502215,40.23195846,2.935397627,47778,2913,10,43.56027236,76.39949352,good
https://leboncoin.fr/,0,2,2,0,0,0,0,0,0,0,5,8,1,0,2,1,1,0,2,8,5739,0,1725,0.316606196,9.752559316,0,183,0.253678358,863,146,2,8.679172447,11.50718563,0.568696331,380,146,3,8.679172447,21.66939891,good
https://cnblogs.com/,3,15,9,0,2,0,11,9,2,20,105,27,80,2,2,15,11,0,9,689,272566,0,5418,inf,44.63219914,0,12322,inf,130304,1465,9,37.87376596,inf,inf,56431,1465,13,37.87376596,inf,good
https://files.wordpress.com/,1,15,0,0,3,0,8,1,3,3,13,2,34,7,6,9,3,0,0,221,120452,0,5059,1.040113044,85.93298991,0,3586,2.370393129,23506,4790,17,70.80647787,88.36064819,5.377417678,10080,2782,33,70.2355389,174.9842884,good
https://dingit.tv/,0,0,0,0,0,0,0,0,0,0,2,0,3,0,0,2,0,0,0,18,2973,0,574,0.193070972,5.625448485,0,37,0.116352201,318,622,1,5.951915421,7.408805031,0.258741259,143,622,1,5.951915421,15.17482517,good
https://feedly.com/,0,0,0,0,0,0,0,0,0,0,0,0,0,0,0,0,0,0,0,0,0,0,0,0,0,0,0,0,0,0,0,0,0,0,0,0,0,0,0,good
https://amazon.es/,13,18,4,0,0,0,4,2,1,4,34,6,19,0,15,24,25,0,4,364,162420,0,8091,inf,614.0765265,0,5124,inf,50432,13974,125,494.1861581,inf,inf,21501,13974,187,494.1861581,inf,good
https://freepik.com/,1,43,9,0,207,0,38,11,1,69,139,33,144,1,2,30,31,0,9,2235,836291,0,37631,2.328310612,98.64780963,0,30657,3.030785353,226495,2679,21,81.34713257,93.3329017,6.38052563,97048,2679,39,81.34713257,176.694435,good
https://shutterstock.com/,0,0,0,0,0,0,0,0,0,0,0,0,0,0,0,0,0,0,0,0,0,0,0,0,0,0,0,0,0,0,0,0,0,0,0,0,0,0,0,good
https://wikimedia.org/,0,0,0,0,0,0,0,0,0,0,0,0,0,0,0,0,0,0,0,0,0,0,0,0,0,0,0,0,0,0,0,0,0,0,0,0,0,0,0,good
https://google.fi/,0,0,0,0,0,0,0,0,0,0,0,0,0,0,0,0,0,0,0,0,0,0,0,0,0,0,0,0,0,0,0,0,0,0,0,0,0,0,0,good
https://skype.com/,3,74,15,2,3,0,38,6,0,107,156,42,146,4,22,202,24,0,15,3328,879084,0,15877,6.558626841,358.9249117,0,30724,inf,297914,40355,50,209.0058913,inf,inf,128377,25809,89,209.4192173,inf,good
https://skype.com/,3,74,15,2,3,0,38,6,0,107,155,42,146,4,22,202,24,0,15,3328,878159,0,15802,6.251548065,338.1544244,0,30705,inf,297914,40355,50,209.0058913,inf,inf,128377,25809,89,209.4192173,inf,good
https://ebay-kleinanzeigen.de/,0,0,0,0,0,0,0,0,0,0,0,0,0,0,0,0,1,0,0,0,70,0,3,0.042857143,4.583842882,0,4,0.210526316,19,14,1,3.324862958,3.526315789,0.571428571,7,14,3,3.324862958,7.857142857,good
https://businessinsider.com/,0,0,0,0,0,0,0,0,0,0,2,0,3,0,0,2,0,0,0,20,3025,0,574,0.189752066,5.629258469,0,36,0.113207547,318,622,1,5.943415843,7.572327044,0.251748252,143,622,1,5.943415843,15.53846154,good
https://ebay-kleinanzeigen.de/,0,0,0,0,0,0,0,0,0,0,0,0,0,0,0,0,1,0,0,0,70,0,3,0.042857143,4.583842882,0,4,0.210526316,19,14,1,3.324862958,3.526315789,0.571428571,7,14,3,3.324862958,7.857142857,good
https://businessinsider.com/,3,3,0,0,9,0,9,0,0,0,32,0,27,3,0,25,0,0,0,261,183807,0,3766,4.557713061,462.2197879,0,5302,77.50898017,30507,55880,97,406.2118571,3088.886709,193.8499197,13236,55880,327,406.2118571,7559.029079,good
https://liputan6.com/,10,52,71,1,8,0,63,5,5,396,117,23,125,7,10,43,32,2,71,1605,744719,0,28765,2.569606809,155.4715377,0,30583,inf,282694,26280,30,131.3902508,inf,inf,122261,23535,148,130.5119491,inf,good
https://kinopoisk.ru/,0,53,4,0,0,0,14,19,0,161,82,7,89,2,2,73,14,0,4,2746,1398394,8,19734,1.475498274,192.0367998,0,43145,inf,356884,29192,36,151.170686,inf,inf,149367,28814,41,151.4916547,inf,good
https://wordreference.com/,2,17,6,0,2,0,2,7,0,8,119,47,67,1,4,20,55,0,6,590,186050,0,3650,0.773179249,50.21021948,0,7006,1.143226396,82495,2111,10,40.53321781,37.00972403,2.66751105,36074,1000,16,40.7450839,69.65936438,good
https://hdzog.com/,0,0,0,0,0,0,0,0,0,0,2,0,3,0,0,2,0,0,0,18,2973,0,574,0.193070972,5.617133632,0,38,0.119496855,318,622,1,5.938426489,7.408805031,0.265734266,143,622,1,5.938426489,15.17482517,good
https://chinadaily.com.cn/,0,0,0,0,0,0,0,0,0,0,0,0,0,0,0,0,0,0,0,0,0,0,0,0,0,0,0,0,0,0,0,0,0,0,0,0,0,0,0,good
https://giphy.com/,0,34,9,2,3,0,37,0,0,379,87,3,39,5,3,847,5,0,9,664,1072894,0,74618,3.118470013,70.39491681,0,28837,1.975611412,235342,23064,15,60.2855106,61.52580505,4.406351689,98595,23064,24,60.2855106,121.829956,good
https://blogspot.com.br/,0,0,0,0,0,0,0,0,0,0,0,0,0,0,0,0,0,0,0,0,0,0,0,0,0,0,0,0,0,0,0,0,0,0,0,0,0,0,0,good
https://rutracker.org/,3,26,6,0,3,0,19,10,0,8,36,5,84,1,2,16,6,0,6,175,207731,0,27109,0.866998688,54.74219036,0,6868,inf,70476,2732,10,41.19777156,inf,inf,30229,1668,11,40.65687042,inf,good
https://spankbang.com/,0,0,0,0,0,0,0,0,0,0,2,0,3,0,0,2,0,0,0,21,2981,0,574,0.192552835,5.622908692,0,36,0.113207547,318,622,1,5.949989609,7.433962264,0.251748252,143,622,1,5.949989609,15.23076923,good
https://flickr.com/,0,4,1,0,2,0,2,0,3,7,3,0,4,0,4,8,1,0,1,56,83879,0,2617,0.190162562,60.93534367,0,1655,1.307247081,12360,1768,12,51.70274666,50.67349747,3.13062923,5373,1399,16,50.7943162,98.72691487,good
https://blogspot.in/,1,10,1,1,1,0,3,0,5,3,26,11,10,0,7,2,7,0,1,216,93206,0,1656,0.171650302,47.51489455,0,4628,1.20159036,45403,3214,9,37.55926827,27.1447293,2.89728092,20045,3214,10,37.55926827,54.35483237,good
https://genius.com/,0,0,0,0,0,0,0,0,0,3,2,0,3,0,0,4,2,0,0,36,6108,0,762,0.565905925,30.40066111,0,133,0.5399012,1122,1282,6,27.88212473,32.54022117,1.293953891,472,1282,11,27.88212473,69.8347641,good
https://2ch.net/,0,0,0,0,0,0,0,0,0,0,2,0,3,0,0,2,0,0,0,21,2973,0,574,0.193070972,5.61882382,0,37,0.116352201,318,622,1,5.938049801,7.408805031,0.258741259,143,622,1,5.938049801,15.17482517,good
https://espncricinfo.com/,2,41,7,3,6,0,34,12,0,295,98,7,58,8,3,166,6,0,7,2130,1072656,0,24628,4.122022746,183.1711738,53,37209,5.523800506,315282,11735,37,151.648296,149.7751199,12.82452876,138053,11732,59,151.2045541,288.6728927,good
https://gamefaqs.com/,0,0,0,0,0,0,0,0,0,0,0,0,0,0,0,0,0,0,0,0,0,0,0,0,0,0,0,0,0,0,0,0,0,0,0,0,0,0,0,good
https://sourceforge.net/,0,0,0,0,0,0,0,0,0,0,2,0,3,0,0,2,0,0,0,19,3025,0,574,0.189752066,5.642874857,0,36,0.113207547,318,666,1,5.942333858,7.572327044,0.251748252,143,666,1,5.942333858,15.53846154,good
https://scribd.com/,37,134,51,33,106,0,59,5,0,1061,242,13,307,6,1,946,10,0,51,3531,1952073,12,39796,0.410643922,65.889557,0,73387,56.39793943,120645,55350,13,57.77701548,2524.602164,124.1466514,52333,54571,36,56.27064082,5539.379032,good
https://telegram.org/,0,8,0,0,2,0,0,0,0,0,3,0,8,3,0,4,3,0,0,6,44123,0,9293,0.423030937,14.75457184,8,1213,0.416682792,8880,140,3,12.16835787,12.97891459,1.012433645,3871,140,3,12.16835787,27.58195399,good
https://researchgate.net/,7,47,5,1,4,0,36,4,0,179,291,5,89,7,3,863,3,0,5,2728,1155086,2,23124,1.444196352,104.641233,0,47561,2.805495334,470049,2164,21,87.05784853,87.5179389,7.216076493,206282,2164,37,87.05784853,184.7089081,good
https://xfinity.com/,0,0,0,0,0,0,0,0,0,0,0,0,0,0,0,0,0,0,0,0,0,0,0,0,0,0,0,0,0,0,0,0,0,0,0,0,0,0,0,good
https://mmofreegames.online/,0,0,0,0,0,0,0,0,0,0,2,0,3,0,0,2,0,0,0,21,2989,0,574,0.192037471,5.639457426,0,36,0.113207547,318,622,1,5.954082958,7.459119497,0.251748252,143,622,1,5.954082958,15.28671329,good
https://gmx.net/,4,76,24,1,9,0,96,16,14,129,190,12,389,105,18,105,29,6,24,3269,1086765,0,83006,4.648161672,151.0593001,2,40747,4.256202803,388299,11013,31,129.6664884,111.3914723,9.658929015,167673,9550,45,130.524269,211.6773953,good
https://leagueoflegends.com/,7,49,6,0,0,0,25,7,3,83,117,10,110,9,10,155,5,0,6,1476,854238,0,23044,0.385022228,61.49822005,0,31436,5.314372432,49273,8224,12,49.70100896,66.28472899,10.55573501,23756,6740,18,48.43086922,143.631823,good
https://rumble.com/,0,2,0,0,0,0,0,0,0,0,5,0,0,0,0,7,0,1,0,33,11339,0,226,0.040770019,15.29700965,0,373,0.183567901,3948,135,3,13.16067867,12.0871428,0.431523183,1695,135,7,13.16067867,23.84730325,good
https://asos.com/,0,0,0,0,0,0,0,0,0,0,0,0,0,0,0,0,0,0,0,0,0,0,0,0,0,0,0,0,0,0,0,0,0,0,0,0,0,0,0,good
https://varzesh3.com/,4,33,33,3,9,0,83,22,1,74,137,16,120,1,3,56,9,0,33,2156,758172,0,16703,1.03980237,39.51813376,3,33912,2.493734956,229070,19163,8,35.56027389,38.72796964,5.41029289,100429,19163,13,35.56027389,75.31193118,good
https://google.sk/,1,10,1,1,1,0,3,0,5,3,26,11,10,0,7,3,9,0,1,218,93510,0,1658,0.203891934,52.82871846,0,4628,1.317761695,45472,3271,10,41.50397107,30.50215521,3.210943438,20071,3271,11,41.50397107,61.54741223,good
https://1337x.to/,2,4,1,0,0,0,1,2,4,5,14,2,41,1,2,13,5,0,1,432,98891,0,5882,0.620372269,34.93593575,0,3451,1.197636678,21376,2635,7,29.31741085,25.78354838,2.758927026,9223,1384,11,29.17195946,49.8455142,good
https://office365.com/,24,21,1,0,0,0,14,0,1,6,50,21,21,10,15,23,3,1,1,636,316069,0,20890,4.021283748,189.1158633,0,7344,5.316393333,68433,32431,37,168.6553967,256.4565308,10.72517951,31117,13735,48,166.5187818,353.1929981,good
https://ouo.io/,0,0,0,0,0,0,0,0,0,0,2,0,3,0,0,2,0,0,0,18,2969,0,574,0.193331088,5.627182103,0,36,0.113207547,318,622,1,5.962023083,7.396226415,0.251748252,143,622,1,5.962023083,15.14685315,good
https://ouo.io/,0,0,0,0,0,0,0,0,0,0,2,0,3,0,0,2,0,0,0,18,2969,0,574,0.193331088,5.617941794,0,36,0.113207547,318,622,1,5.964227528,7.396226415,0.251748252,143,622,1,5.964227528,15.14685315,good
https://thesaurus.com/,2,11,10,0,2,0,1,0,0,51,31,7,43,0,2,26,1,0,10,663,239689,0,8307,1.243918689,77.81415853,0,7759,1.884685186,61519,10496,17,61.61607725,77.48086853,inf,26673,10495,21,61.61607725,inf,good
https://shopify.com/,13,13,4,1,2,0,10,2,1,12,64,8,52,4,0,15,5,0,4,508,375312,0,18460,2.119031322,83.49683672,9,14712,3.680827817,35673,27694,17,74.59637674,82.5357886,8.625969682,15558,27691,29,74.74952287,166.8751561,good
https://rt.com/,0,0,0,0,0,0,0,0,0,0,0,0,0,0,1,1,2,0,0,4,809,0,22,0.063958007,10.67532696,0,23,0.237878788,192,95,2,8.372090457,8.818181818,0.486584107,91,95,2,8.372090457,15.2997936,good
https://ndtv.com/,11,49,7,0,4,0,14,7,0,164,149,26,112,7,9,74,38,1,7,1530,886121,3,49535,14.60838099,332.0318496,0,36161,inf,205199,42643,71,284.3419244,inf,inf,89665,39421,141,285.453974,inf,good
https://livedoor.com/,6,8,4,0,0,0,9,5,4,15,24,7,41,2,4,12,7,0,4,268,171181,0,7383,2.43045089,101.9495996,0,7721,2.774445538,69762,3065,21,84.68071572,83.32713906,6.967109179,29923,1891,40,84.22225686,172.6906548,good
https://oracle.com/,13,27,4,1,1,0,4,3,0,146,141,8,61,3,6,48,3,1,4,961,635863,0,32760,0.526429037,127.6574264,0,20542,8.753809856,98498,84258,25,104.9521242,113.0936063,19.0558821,43523,84187,34,104.6749754,211.0032457,good
https://zendesk.com/,0,0,0,0,0,0,0,0,0,0,0,0,0,3,0,0,8,0,0,0,1508,0,33,0.339376777,18.91831296,0,42,0.522908795,370,96,4,14.10550922,15.67398608,1.570736434,152,93,3,14.51691446,32.40426797,good
https://amazon.ca/,0,0,0,0,0,0,0,0,0,0,0,0,0,0,0,2,0,1,0,0,950,0,230,0.926060176,12.70683806,0,25,0.666398066,168,103,3,11.03451745,11.55825947,1.457869013,69,103,6,10.54111959,21.47585533,good
https://samsung.com/,0,0,0,0,0,0,0,0,0,0,0,0,0,0,0,0,0,0,0,0,0,0,0,0,0,0,0,0,0,0,0,0,0,0,0,0,0,0,0,good
https://icloud.com/,0,11,1,0,1,0,11,0,0,13,25,3,24,1,0,11,5,0,1,685,195908,0,4537,1.134272529,44.52403812,0,8976,1.605723551,79176,5095,9,39.16705287,41.03246335,3.672925523,34131,5086,16,39.46605681,80.36178262,good
https://cricbuzz.com/,0,0,0,0,0,0,0,0,0,0,0,0,0,0,0,0,0,0,0,0,0,0,0,0,0,0,0,0,0,0,0,0,0,0,0,0,0,0,0,good
https://gearbest.com/,6,39,22,1,14,0,11,0,2,25,53,6,71,1,5,47,5,0,22,715,308494,0,7181,0.544972411,61.52174392,0,12557,1.62763083,95895,67112,12,55.15821943,75.6695769,3.814350364,42010,67075,91,54.85418622,156.1949664,good
https://userapi.com/,9,85,4,0,7,1,12,3,5,20,56,1,86,1,2,36,2,0,4,1387,635419,0,12036,0.980503596,153.8451203,0,21830,4.078427081,190455,33989,30,122.9150601,94.98370616,9.678114696,79714,19067,38,122.1715694,172.8527975,good
https://goodreads.com/,18,63,28,1,21,0,74,26,5,56,112,14,241,5,7,107,16,1,28,1902,1248440,10,23496,2.918206852,115.0208114,0,48685,4.459036479,429733,17811,23,96.01127515,121.2773457,11.09411916,185706,16895,43,96.06993964,273.745653,good
https://capitalone.com/,4,26,33,0,1,0,24,25,4,25,154,40,65,8,11,43,9,2,33,1077,645728,0,21403,2.639732972,144.982044,56,17058,4.917460425,102085,19065,29,120.8289401,99.50328428,11.75593701,43906,18203,33,120.0818252,195.9436389,good
https://bukalapak.com/,13,128,4,14,15,0,35,83,2,310,219,18,323,8,8,114,10,0,4,1718,1595731,10,28167,1.230170959,212.9797311,1304,48407,6.359215626,427631,336132,42,188.3709852,4339.073238,14.0871415,186678,335834,86,186.7069525,10898.76391,good
https://streamable.com/,0,47,45,0,3,0,6,6,0,459,106,15,43,1,6,570,5,0,45,735,595922,0,13129,0.593329719,81.09117134,0,20686,2.759631565,99590,9015,16,68.25212834,68.6941877,6.300015537,42647,8979,30,68.29284326,136.6897258,good
https://weebly.com/,0,0,0,0,0,0,0,0,0,0,0,0,0,0,0,0,0,0,0,0,0,0,0,0,0,0,0,0,0,0,0,0,0,0,0,0,0,0,0,good
https://taboola.com/,0,2,0,0,0,0,0,4,0,7,11,2,20,2,4,15,12,0,0,98,61474,0,2888,1.055172514,54.95164083,0,2169,4.313146328,12724,2389,11,46.9836037,68.33997134,11.87429978,5894,2218,19,46.82142307,129.715126,good
https://hp.com/,4,29,15,0,2,0,13,5,4,137,55,4,89,7,2,27,12,1,15,518,363112,0,7362,1.333539614,49.40438635,0,15163,inf,110749,19398,10,43.50262686,inf,inf,47322,19375,13,43.22062202,inf,good
https://hulu.com/,0,0,0,0,0,0,0,0,0,0,0,0,0,0,0,0,0,0,0,0,0,0,0,0,0,0,0,0,0,0,0,0,0,0,0,0,0,0,0,good
https://americanexpress.com/,0,0,0,0,0,0,0,0,0,0,0,0,0,0,0,0,0,0,0,0,0,0,0,0,0,0,0,0,0,0,0,0,0,0,0,0,0,0,0,good
https://google.kz/,0,0,0,0,0,0,0,0,0,0,0,0,0,0,0,0,0,0,0,0,0,0,0,0,0,0,0,0,0,0,0,0,0,0,0,0,0,0,0,good
https://iqoption.com/,0,37,6,0,0,0,49,0,0,654,54,16,109,4,1,127,7,0,6,693,1484529,0,32115,0.086674728,25.11077565,0,47844,0.359581921,531687,13005,5,20.08442662,14.65078376,0.845145453,217786,13005,5,20.08442662,27.04190036,good
https://target.com/,4,30,7,1,2,0,27,6,1,707,60,11,69,3,2,70,5,0,7,2163,1185585,2,23686,1.002112276,275.1612077,0,41482,28.35939774,382965,87500,51,223.4713387,2491.709489,61.82507689,161951,87436,59,221.9881145,5344.313149,good
https://beeg.com/,0,26,0,3,10,0,11,13,0,26,22,5,8,2,0,8,0,0,0,419,342091,0,5066,0.47017883,30.37619763,1,13043,0.59460852,129239,2785,6,25.75213552,20.72394524,1.427031474,56589,473,7,23.97850521,37.61540232,good
https://kaskus.co.id/,0,4,5,0,0,1,1,5,0,4,7,4,23,0,2,19,20,0,5,295,119114,0,5442,4.499948608,205.7877361,0,5171,7.396827817,33730,3598,43,166.7857374,186.1031624,16.84784472,14903,3598,94,166.7857374,367.4267024,good
https://subscene.com/,0,0,0,0,0,0,0,0,0,0,2,0,3,0,0,2,0,0,0,16,3061,0,574,0.187520418,5.646686932,0,36,0.113207547,318,706,1,5.93962707,7.685534591,0.251748252,143,706,1,5.93962707,15.79020979,good
https://atlassian.net/,16,13,1,2,15,0,12,3,0,53,48,10,61,3,2,11,6,1,1,555,351863,5,7143,1.366241397,91.65542978,0,14251,3.604560891,137795,5526,19,77.61414787,107.0273864,7.945540288,58818,5347,76,76.97876943,230.1797604,good
https://repubblica.it/,8,22,412,0,1,0,2,2,0,8,63,2,69,17,12,28,37,0,412,768,268989,0,4293,inf,68.01337698,0,10882,inf,41479,8316,14,57.68746925,inf,inf,18162,3368,23,57.32533111,inf,good
https://onet.pl/,0,31,21,2,6,0,9,2,0,256,70,10,75,14,15,103,27,2,21,820,673449,0,12724,3.002525646,238.1671271,0,23242,5.328062818,228695,17381,46,191.896283,162.5662593,12.99769737,96962,16986,59,190.1451279,325.6821373,good
https://aparat.com/,0,15,0,1,1,0,0,2,0,7,13,1,29,0,0,3,8,0,0,254,104582,0,4190,1.440261405,37.66709022,0,5332,2.195177704,40838,923,8,33.30338616,33.63756154,5.442972878,17652,923,19,33.30338616,70.91471394,good
https://ups.com/,4,6,1,0,0,0,11,3,0,8,33,9,20,2,5,9,7,0,1,298,189252,0,2807,0.229017609,58.96204821,26,6456,1.424608836,82906,4178,11,50.4922355,54.42607136,3.203345098,34891,4157,24,50.92465188,93.95672609,good
https://newstarads.com/,0,0,0,0,0,0,0,0,0,0,0,0,0,0,0,0,0,0,0,0,0,0,0,0,0,0,0,0,0,0,0,0,0,0,0,0,0,0,0,good
https://youdao.com/,3,39,18,1,2,0,12,6,0,213,82,4,104,3,2,31,3,0,18,654,472999,0,12663,0.32206802,63.27704001,0,18087,1.202892972,156023,17996,12,51.68470136,40.35558967,2.789720779,67526,17996,15,51.68470136,79.07394184,good
https://independent.co.uk/,4,41,53,2,14,0,55,9,0,257,109,20,202,9,0,80,17,0,53,1942,851715,0,16875,1.229098802,185.2715278,0,40947,8.232570297,231398,35892,36,155.055377,129.2410792,18.49576174,101949,35837,49,154.1357698,241.2024536,good
https://independent.co.uk/,4,41,53,2,14,0,55,9,0,257,109,20,202,9,0,80,17,0,53,1942,851715,0,16875,1.229098802,185.2715344,0,40947,8.232570297,231398,35892,36,155.055377,129.2410792,18.49576174,101949,35837,49,154.1357698,241.2024536,good
https://canva.com/,0,0,0,0,0,0,0,0,0,0,2,0,3,0,0,2,0,0,0,22,3025,0,574,0.189752066,5.635542891,0,38,0.119496855,318,666,1,5.958606965,7.572327044,0.265734266,143,666,1,5.958606965,15.53846154,good
https://rottentomatoes.com/,0,0,0,0,0,0,0,0,0,0,0,0,0,0,0,0,0,0,0,0,0,0,0,0,0,0,0,0,0,0,0,0,0,0,0,0,0,0,0,good
https://nownews.com/,0,0,0,0,0,0,0,0,0,0,2,0,3,0,0,2,0,0,0,18,2981,0,574,0.192552835,5.618364481,0,36,0.113207547,318,622,1,5.967578698,7.433962264,0.251748252,143,622,1,5.967578698,15.23076923,good
https://hdfcbank.com/,0,0,0,0,0,0,0,0,0,0,2,0,3,0,0,2,0,0,0,21,2985,0,574,0.192294807,5.634834553,0,38,0.119496855,318,622,1,5.963789326,7.446540881,0.265734266,143,622,1,5.963789326,15.25874126,good
https://wittyfeed.com/,0,0,0,0,0,0,0,0,0,0,2,0,3,0,0,2,0,0,0,21,2981,0,574,0.192552835,5.618367787,0,37,0.116352201,318,622,1,5.938364956,7.433962264,0.258741259,143,622,1,5.938364956,15.23076923,good
https://spiegel.de/,3,71,82,0,1,0,15,0,0,331,100,2,80,12,6,33,2,0,82,3045,963909,0,23373,inf,73.68427416,0,42726,inf,313620,13825,16,64.91476291,inf,inf,136966,13825,29,64.91476291,inf,good
https://bet9ja.com/,0,0,0,0,0,0,0,0,0,0,0,0,0,0,0,1,0,0,0,4,1130,0,495,1.352793268,10.68902656,0,10,0.078740157,187,125,3,7.802324273,14.83779528,0.188679245,69,61,3,8.600043099,14.38679245,good
https://ibm.com/,15,49,6,4,11,0,23,14,0,97,169,26,148,3,12,75,24,0,6,1414,1189896,2,25956,1.428483075,121.407274,240,34617,inf,221900,174961,23,102.024748,inf,inf,96349,174775,31,101.0240967,inf,good
https://yesky.com/,8,26,18,1,3,0,17,2,5,16,58,6,49,4,5,22,18,2,18,896,236141,0,8029,inf,87.93499461,0,10562,inf,84906,21184,18,75.47112607,inf,inf,37888,18982,16,73.6434169,inf,good
https://boredpanda.com/,8,58,15,0,5,0,23,4,4,33,76,14,92,6,13,42,12,0,15,1519,921352,0,12633,2.186692624,218.9891092,55,19593,6.17942818,236846,6586,43,175.4715667,186.3002013,15.30334366,104749,3783,80,174.7716954,386.4098731,good
https://udemy.com/,0,0,0,0,0,0,0,0,0,0,2,0,3,0,0,2,0,0,0,22,3025,0,574,0.189752066,5.641497126,0,36,0.113207547,318,666,1,5.950210743,7.572327044,0.251748252,143,666,1,5.950210743,15.53846154,good
https://shink.in/,0,0,0,0,0,0,0,0,0,0,0,0,0,0,0,0,0,0,0,4,841,0,7,0.091833485,10.3182024,0,3,0.5,15,797,2,9.380468684,136.2777778,1,8,797,8,9.380468684,269.6,good
https://iqiyi.com/,8,96,10,1,6,0,56,32,1,469,214,16,282,8,3,124,7,0,10,2403,1637321,2,31589,0.402724277,53.7333754,16,59821,0.915682272,582194,6481,10,44.21488402,32.50153448,2.114941078,253874,6459,10,43.71578714,59.86588838,good
https://asdfz.pro/,0,0,0,0,0,0,0,0,0,0,0,0,0,0,0,0,0,0,0,0,0,0,0,0,0,0,0,0,0,0,0,0,0,0,0,0,0,0,0,good
https://sciencedirect.com/,0,0,0,0,0,0,0,0,0,0,2,0,3,0,0,2,0,0,0,19,2971,0,574,0.193200942,5.621095866,0,38,0.119496855,318,602,1,5.922098362,7.402515723,0.265734266,143,602,1,5.922098362,15.16083916,good
https://fiverr.com/,0,0,0,0,0,0,0,0,0,2,2,0,4,1,1,2,1,0,0,31,6555,0,686,0.649426119,25.58299852,0,192,0.681450145,1489,1014,5,23.49868044,32.81415694,1.660578115,640,1014,13,23.49868044,71.15215669,good
https://wp.pl/,0,0,0,0,0,0,0,0,0,0,0,0,0,0,0,0,0,0,0,0,0,0,0,0,0,0,0,0,0,0,0,0,0,0,0,0,0,0,0,good
https://mlb.com/,0,0,0,0,0,0,0,0,0,0,0,0,0,0,0,0,0,0,0,0,0,0,0,0,0,0,0,0,0,0,0,0,0,0,0,0,0,0,0,good
https://mercadolibre.com.ar/,0,0,0,0,0,0,0,0,0,0,0,0,0,0,0,0,0,0,0,0,0,0,0,0,0,0,0,0,0,0,0,0,0,0,0,0,0,0,0,good
https://gyazo.com/,11,34,3,4,13,0,46,8,3,48,57,3,160,3,2,39,9,0,3,1516,612933,2,12084,0.341632885,55.49622445,1,25338,2.11602358,130338,15193,11,43.5899436,40.24587371,5.022115202,54792,15186,18,43.00756317,76.65792963,good
https://reverso.net/,0,7,0,0,13,0,1,2,0,37,55,14,77,0,3,18,1,0,0,788,609010,0,15271,0.474857038,30.54405687,0,22819,inf,129489,1327,6,24.90891844,inf,inf,56725,850,6,23.47788212,inf,good
https://ensonhaber.com/,1,17,5,0,2,0,2,5,0,9,89,22,51,1,2,15,6,0,5,434,176899,0,8078,2.145523855,61.18320326,0,6902,2.610395043,76551,1476,13,54.91098404,73.48206048,5.707297242,33571,1476,28,54.91098404,143.2774089,good
https://setn.com/,4,7,6,1,1,0,3,2,0,2,28,11,30,2,2,15,13,0,6,101,98271,0,21139,7.288157621,128.8830498,0,2744,3.749619041,19455,2974,28,112.6612461,107.1777478,9.054932782,8309,1639,39,111.767706,215.661667,good
https://patreon.com/,0,0,0,0,0,0,0,0,0,0,2,0,3,0,0,2,0,0,0,20,2977,0,574,0.192811555,5.625705955,0,36,0.113207547,318,622,1,5.958383713,7.421383648,0.251748252,143,622,1,5.958383713,15.2027972,good
https://google.com.kw/,1,10,1,1,1,0,3,0,5,3,26,11,10,0,7,2,7,0,1,220,91426,0,1613,0.163727391,47.62625619,0,4615,1.172108962,45359,1842,9,37.71274337,24.71561397,2.830029324,20029,1842,10,37.71274337,48.81532891,good
https://doublepimpssl.com/,0,0,0,0,0,0,0,0,0,0,2,0,3,0,0,2,0,0,0,20,2984,0,574,0.192359249,5.627450821,0,36,0.113207547,318,622,1,5.919457084,7.443396226,0.251748252,143,622,1,5.919457084,15.25174825,good
https://line.me/,31,56,8,9,24,0,8,8,0,149,194,27,148,0,3,141,4,0,8,1080,709867,0,31626,0.779190191,95.73845292,0,27165,8.834998708,175131,171485,19,77.58531222,285.7911462,21.51468518,77098,170975,33,77.46737956,673.2738459,good
https://myanimelist.net/,15,96,17,5,22,0,159,7,0,86,171,97,228,4,13,126,19,0,17,2189,1264748,4,22767,0.293988274,20.72515967,0,46817,0.587739694,467688,14810,4,18.498986,14.81230915,1.238638888,199907,14810,5,18.498986,26.99399015,good
https://upwork.com/,0,0,0,0,0,0,0,0,0,0,2,0,3,0,0,2,0,0,0,22,3021,0,574,0.19000331,5.628798161,0,36,0.113207547,318,666,1,5.969764438,7.559748428,0.251748252,143,666,1,5.969764438,15.51048951,good
https://intuit.com/,1,54,91,12,38,0,83,4,0,245,253,117,194,29,20,397,30,0,91,2374,1268038,2,19928,1.114519192,215.4050602,0,44781,6.693293867,340559,60949,42,176.0398714,180.8906493,14.45024569,147565,60908,50,175.2978578,342.7148578,good
https://nametests.com/,0,0,0,0,0,0,0,0,0,0,2,0,3,0,0,2,0,0,0,21,2981,0,574,0.192552835,5.619868556,0,36,0.113207547,318,622,1,5.948001684,7.433962264,0.251748252,143,622,1,5.948001684,15.23076923,good
https://themeforest.net/,0,0,0,0,0,0,0,0,0,0,2,0,3,0,0,2,0,0,0,18,2981,0,574,0.192552835,5.601563762,0,37,0.116352201,318,622,1,5.923028726,7.433962264,0.258741259,143,622,1,5.923028726,15.23076923,good
https://dell.com/,0,0,0,0,0,0,0,0,0,0,0,0,0,0,0,0,0,0,0,0,0,0,0,0,0,0,0,0,0,0,0,0,0,0,0,0,0,0,0,good
https://bloomberg.com/,24,272,138,0,18,0,396,40,24,978,490,6,512,48,18,270,75,0,138,9106,4070769,0,111996,27.38611221,1766.216306,0,168399,90.79258288,1323950,53654,369,1454.21193,2056.934833,199.3087675,563155,43220,703,1449.24227,4270.124353,good
https://cerpen.co.id/,0,0,0,0,0,0,0,0,0,0,0,0,0,0,0,0,0,0,0,2,4318,0,91,0.027279758,10.8134792,0,209,0.468982088,1532,629,2,9.052747406,103.5480559,0.985128205,653,629,5,9.052747406,205.5194872,good
https://urbandictionary.com/,3,7,13,0,0,0,8,3,0,14,44,12,19,4,2,14,6,0,13,643,220759,0,4299,0.849355845,78.75287852,0,7437,2.284578484,89831,1188,16,67.08240465,69.41213682,5.769552211,36951,1187,30,66.55046142,146.2520838,good
https://behance.net/,0,4,0,0,0,0,0,0,0,2,7,2,4,2,1,5,0,0,0,177,38075,0,606,0.160972562,36.56761279,0,1728,0.916238695,15305,458,7,31.08309094,37.16325173,2.13531314,6584,423,22,30.36700955,74.43717434,good
https://fedex.com/,0,0,0,0,0,0,0,0,0,0,0,0,0,0,0,0,0,0,0,0,0,0,0,0,0,0,0,0,0,0,0,0,0,0,0,0,0,0,0,good
https://groupon.com/,0,0,0,0,0,0,0,0,0,0,0,0,0,0,0,0,0,0,0,0,0,0,0,0,0,0,0,0,0,0,0,0,0,0,0,0,0,0,0,good
https://exoclick.com/,4,22,12,0,5,0,3,8,0,25,146,37,88,0,5,15,4,0,12,1130,296147,0,6250,0.980601623,56.13371712,0,12568,1.630648321,135742,2134,11,50.85817112,55.98289539,3.729651286,58466,2134,18,50.85817112,110.0393518,good
https://box.com/,1,18,5,0,3,0,10,4,3,35,41,1,44,4,11,34,19,0,5,381,265807,0,10344,2.637227201,145.2150921,1,9199,5.350343476,84640,8419,29,122.7216823,149.250021,11.63517195,37883,3133,38,122.3508647,276.2977039,good
https://scribol.com/,0,0,0,0,0,0,0,0,0,0,2,0,3,0,0,2,0,0,0,20,2977,0,574,0.192811555,5.624134782,0,38,0.119496855,318,622,1,5.963677038,7.421383648,0.265734266,143,622,1,5.963677038,15.2027972,good
https://glassdoor.com/,0,0,0,0,0,0,0,0,0,0,0,0,0,0,0,0,0,0,0,0,0,0,0,0,0,0,0,0,0,0,0,0,0,0,0,0,0,0,0,good
https://theverge.com/,3,27,28,3,22,0,24,10,5,293,140,20,142,2,9,98,6,0,28,1919,1698941,2,38184,0.43405229,132.5635798,0,58544,4.584280747,454681,24444,25,113.483751,113.3497641,9.249376016,198480,22063,36,113.527521,213.1915397,good
https://wix.com/,10,72,11,0,0,0,26,6,1,144,127,5,88,11,6,71,32,0,11,1997,1039890,0,20835,inf,236.1176073,0,39998,inf,287937,15439,47,188.8014156,inf,inf,125447,15423,79,188.6156567,inf,good
https://slickdeals.net/,0,0,0,0,0,0,0,0,0,0,2,0,3,0,0,2,0,0,0,20,2981,0,574,0.192552835,5.611304315,0,38,0.119496855,318,622,1,5.956014395,7.433962264,0.265734266,143,622,1,5.956014395,15.23076923,good
https://rediff.com/,0,3,0,3,8,0,3,3,6,0,20,6,26,0,4,6,130,0,0,109,31114,0,644,0.409631585,51.5013396,0,1247,1.558954636,8963,1281,10,40.50877754,34.15137143,3.414839145,4016,1266,11,40.41895479,62.47722883,good
https://google.co.nz/,0,0,0,0,0,0,0,0,0,0,0,0,0,0,0,0,0,0,0,0,0,0,0,0,0,0,0,0,0,0,0,0,0,0,0,0,0,0,0,good
https://haber7.com/,7,27,23,1,4,0,19,12,1,198,151,34,115,3,4,29,9,1,23,1336,503814,0,11140,3.443573726,129.8911811,0,20633,3.72077175,211006,4783,27,111.3346827,108.9200103,9.317635209,91761,4783,51,111.3346827,225.5978808,good
https://4dsply.com/,0,4,3,0,1,0,2,1,2,3,4,0,23,0,0,11,0,1,3,82,50443,0,2969,0.651525094,29.57287854,0,1737,1.091322921,18398,423,6,25.59314852,22.05783705,2.436592995,7883,400,10,25.31114368,41.26083779,good
https://yadi.sk/,5,22,5,0,0,0,6,10,0,38,27,7,47,7,5,3,2,0,5,614,210402,0,4314,0.054901652,20.98403978,0,7971,0.671979419,97990,2757,4,19.57028824,16.09638788,1.451915331,42298,1001,7,16.53186437,28.62715475,good
https://patch.com/,11,29,5,3,23,0,36,8,0,313,47,15,110,0,1,80,10,0,5,1600,846413,2,15710,0.580015005,131.608834,0,30399,3.29817753,260612,68120,25,109.8627733,93.08858909,6.991765376,114194,64039,27,108.8061026,166.9260482,good
https://ultimate-guitar.com/,0,28,4,0,0,0,10,1,1,57,46,1,21,7,0,30,3,0,4,2016,509927,0,23593,2.408534158,51.43600063,0,17608,1.548060844,93735,67311,11,49.36026597,43.36226733,3.651185002,40528,67197,11,48.82005014,86.14368001,good
https://163.com/,0,0,0,0,0,0,0,0,0,0,0,0,0,0,0,0,0,0,0,0,0,0,0,0,0,0,0,0,0,0,0,0,0,0,0,0,0,0,0,good
https://zoho.com/,0,26,23,0,0,0,3,3,0,1,207,5,21,1,2,18,10,0,23,636,185836,0,4343,0.332763103,36.65531681,0,6085,1.973041919,44758,3762,7,32.52203352,57.58003156,3.009111411,19230,3017,11,33.89845597,85.77683982,good
https://onedio.com/,5,56,13,7,18,0,53,13,3,508,130,9,207,5,1,96,9,0,13,1593,1809738,0,63502,2.003254454,143.4626673,1,48402,26.04088549,384804,228916,28,121.4349005,1839.642112,77.98100878,164548,228893,48,120.71585,5538.464278,good
https://pandora.com/,13,13,0,1,5,0,19,3,0,244,40,17,24,1,2,256,2,0,0,277,520865,0,11320,inf,99.95849089,0,15121,inf,169342,5264,20,80.01383192,inf,inf,72338,5143,28,78.96638726,inf,good
https://google.bg/,0,0,0,0,0,0,0,0,0,0,0,0,0,0,0,0,0,0,0,0,0,0,0,0,0,0,0,0,0,0,0,0,0,0,0,0,0,0,0,good
https://taringa.net/,0,3,1,0,0,0,2,0,0,2,2,0,1,6,0,4,9,0,1,37,17243,0,315,0.205312636,25.9760581,0,715,0.526061303,6783,705,5,20.79632203,20.03169262,1.231859455,2914,702,5,21.20772727,37.64256147,good
https://sportbible.com/,0,0,0,0,0,0,0,0,0,0,2,0,3,0,0,2,0,0,0,18,2985,0,574,0.192294807,5.621274683,0,36,0.113207547,318,622,1,5.941877117,7.446540881,0.251748252,143,622,1,5.941877117,15.25874126,good
https://kickstarter.com/,22,90,55,8,52,9,87,29,7,213,185,69,306,9,17,507,16,0,55,2466,1600163,0,41560,2.815685649,145.2095771,1,65383,12.75845637,642906,13608,30,119.7447104,1869.364981,28.92598186,281835,13015,77,119.1867109,3133.714759,good
https://ebay.it/,22,10,6,2,25,0,32,3,0,26,62,93,41,7,8,23,11,1,6,639,339615,0,7183,3.136789848,169.546574,0,9147,inf,100924,6092,33,140.495843,inf,inf,43484,6069,66,141.0461634,inf,good
https://seznam.cz/,0,0,0,0,0,0,0,0,0,0,0,0,0,0,0,0,0,2,0,0,248586,0,3487,inf,27.49554728,0,4612,inf,27898,821,6,25.06152296,inf,inf,12657,821,9,25.06152296,inf,good
https://wowhead.com/,6,11,3,0,1,0,7,2,0,10,50,4,898,16,5,29,6,0,3,889,1583020,0,27061,22.46165324,626.6567996,0,41824,inf,270659,11949,133,540.2601978,inf,inf,110433,11077,204,540.2569256,inf,good
https://manoramaonline.com/,0,0,1,0,0,0,1,0,0,0,0,0,0,0,2,2,0,0,1,36,3356,0,18,0.005946482,10.15516581,0,109,0.320656155,883,467,2,9.461151234,7.958321389,0.731092437,391,467,3,9.461151234,15.46218487,good
https://lifebuzz.com/,1,12,5,0,2,0,2,5,0,8,87,22,51,0,2,8,1,0,5,422,146377,0,2869,0.144273544,15.58837652,0,5952,0.309199464,71063,290,3,12.49860933,8.727665248,0.771772528,31078,290,6,12.49860933,17.24537059,good
https://conservativetribune.com/,0,0,0,0,0,0,0,0,0,0,2,0,3,0,0,2,0,0,0,20,3101,0,574,0.18510158,5.630372514,0,38,0.119496855,318,622,1,5.946138691,7.811320755,0.265734266,143,622,1,5.946138691,16.06993007,good
https://conservativetribune.com/,0,0,0,0,0,0,0,0,0,0,0,0,0,0,0,0,0,0,0,0,0,0,0,0,0,0,0,0,0,0,0,0,0,0,0,0,0,0,0,good
https://ebay.com.au/,23,10,6,2,25,0,32,3,0,26,62,93,41,7,8,23,11,1,6,639,375565,0,7427,3.128273191,169.6463264,0,9400,inf,108179,6114,33,140.5224782,inf,inf,46385,6091,66,141.0727987,inf,good
https://pixabay.com/,0,0,0,0,0,0,0,0,0,0,2,0,3,0,0,2,0,0,0,20,2981,0,574,0.192552835,5.615857827,0,38,0.119496855,318,622,1,5.922082076,7.433962264,0.265734266,143,622,1,5.922082076,15.23076923,good
https://naukri.com/,0,0,0,0,0,0,0,0,0,0,0,0,0,0,0,0,0,0,0,0,0,0,0,0,0,0,0,0,0,0,0,0,0,0,0,0,0,0,0,good
https://umblr.com/,1,4,1,0,0,1,3,1,0,3,26,0,25,2,6,2,3,2,1,170,152491,0,2414,0.165806769,26.43963027,0,3289,0.7086342,26965,5965,5,22.98601681,54.05675379,1.591015904,11824,5965,6,22.98601681,110.8626834,good
https://mi.com/,6,23,5,15,27,0,10,14,0,13,44,1,89,5,4,21,6,0,5,292,220837,0,7415,6.799380672,156.0492932,0,6825,4.770171896,55638,21060,34,128.6008912,134.4475146,10.60860043,24129,21003,39,127.8491027,242.5675895,good
https://webmd.com/,0,0,0,0,0,0,0,0,0,0,0,0,0,3,0,0,8,0,0,0,1508,0,33,0.339376777,18.91831296,0,42,0.522908795,370,96,4,14.10550922,15.67398608,1.570736434,152,93,3,14.51691446,32.40426797,good
https://goal.com/,0,0,0,0,0,0,0,0,0,0,0,0,0,0,0,0,0,0,0,0,0,0,0,0,0,0,0,0,0,0,0,0,0,0,0,0,0,0,0,good
https://gamer.com.tw/,0,0,0,0,0,0,0,0,0,0,2,0,3,1,1,2,2,0,0,20,3714,0,610,0.550056471,20.56351713,0,65,0.446535946,505,744,4,18.08426581,24.77399433,1.044827586,219,744,4,18.08426581,51.52967607,good
https://tutorialspoint.com/,1,19,5,0,2,0,18,5,0,8,105,27,62,1,2,24,25,0,5,453,267926,0,29713,1.458243559,44.33915124,0,9183,1.253893324,94377,703,9,37.77136961,29.51721076,3.013955921,40949,703,11,37.77136961,57.7202692,good
https://libero.it/,1,20,28,2,9,0,5,0,0,0,12,7,11,1,0,13,11,0,28,72,83608,0,10910,1.390183946,108.9170441,0,2399,inf,19926,1383,21,81.96258608,inf,inf,8668,1382,40,81.6603563,inf,good
https://mercadolibre.com.mx/,0,0,0,0,0,0,0,0,0,0,0,0,0,0,0,0,0,0,0,0,0,0,0,0,0,0,0,0,0,0,0,0,0,0,0,0,0,0,0,good
https://poloniex.com/,0,0,0,0,0,0,0,0,0,0,2,0,3,0,0,2,0,0,0,18,2977,0,574,0.192811555,5.617426599,0,37,0.116352201,318,622,1,5.928479541,7.421383648,0.258741259,143,622,1,5.928479541,15.2027972,good
https://google.lk/,0,0,0,0,0,0,0,0,0,0,0,0,0,0,0,0,0,0,0,0,0,0,0,0,0,0,0,0,0,0,0,0,0,0,0,0,0,0,0,good
https://bleacherreport.com/,204,68,500,34,119,0,442,34,0,51,153,17,306,0,0,4301,51,0,500,36822,9173060,0,170313,1.915767733,646.7884066,30192,232434,21.01813581,2766149,76962,142,538.0103601,520.4153052,inf,1147802,76945,232,538.0103601,inf,good
https://google.rs/,0,0,0,0,0,0,0,0,0,0,0,0,0,0,0,0,0,0,0,0,0,0,0,0,0,0,0,0,0,0,0,0,0,0,0,0,0,0,0,good
https://blackboard.com/,0,0,0,0,0,0,0,0,0,0,2,0,3,0,0,2,0,0,0,18,2985,0,574,0.192294807,5.615261416,0,37,0.116352201,318,622,1,5.965562301,7.446540881,0.258741259,143,622,1,5.965562301,15.25874126,good
https://vporn.com/,0,0,0,0,0,0,0,0,0,0,0,0,0,1,0,0,3,0,0,0,375,0,4,0.010666667,4.854476095,0,12,0.116504854,103,21,1,3.558518613,3.601941748,0.279069767,43,21,1,3.558518613,7.162790698,good
https://expedia.com/,28,32,3,4,5,0,10,3,1,144,58,12,74,1,3,129,5,0,3,997,566776,0,11338,0.264023388,78.20128875,0,26943,2.82809337,164604,9559,15,62.80578523,147.2134129,6.363957548,72295,9340,18,63.67780861,307.3171776,good
https://usatoday.com/,0.0,16.0,38.0,0.0,0.0,0.0,5.0,0.0,0.0,76.0,37.0,3.0,10.0,2.0,2.0,20.0,39.0,0.0,38.0,125.0,203810.0,0.0,41398.0,2.6179583012484984,84.88594537804263,0.0,5745.0,4.037894703238334,41496.0,3395.0,18.0,73.27858544298361,90.41366115891101,8.067149525312088,17692.0,3280.0,50.0,72.90284888802204,175.54152393528878,good
https://chatwork.com/,8.0,12.0,2.0,0.0,0.0,0.0,21.0,1.0,0.0,20.0,18.0,0.0,30.0,1.0,3.0,24.0,6.0,0.0,2.0,114.0,210665.0,0.0,23881.0,2.8772164238147675,109.72860643249189,0.0,6210.0,3.743384444463481,42094.0,1328.0,22.0,88.20170688944664,90.94832652466965,8.514634356877389,17838.0,1231.0,30.0,88.08506793438045,170.91331535925437,good
https://xda-developers.com/,6.0,21.0,10.0,0.0,2.0,1.0,5.0,10.0,0.0,23.0,147.0,39.0,91.0,1.0,8.0,16.0,39.0,0.0,10.0,947.0,366983.0,0.0,10857.0,4.271968068310817,110.65033391711147,0.0,15528.0,4.195440350971212,161144.0,2215.0,24.0,98.23528139459583,110.65923846564739,9.715651543445825,69283.0,2160.0,41.0,97.42654328531034,217.88831569469903,good
https://pulseonclick.com/,0.0,0.0,0.0,0.0,0.0,0.0,0.0,0.0,0.0,0.0,0.0,0.0,0.0,0.0,0.0,0.0,0.0,0.0,0.0,0.0,0.0,0.0,0.0,0.0,0.0,0.0,0.0,0.0,0.0,0.0,0.0,0.0,0.0,0.0,0.0,0.0,0.0,0.0,0.0,good
https://vtv.vn/,6.0,76.0,46.0,4.0,11.0,0.0,41.0,28.0,7.0,37.0,231.0,52.0,171.0,8.0,22.0,35.0,35.0,0.0,46.0,1876.0,651881.0,0.0,20029.0,5.272477903413471,142.70163763343504,0.0,28040.0,5.081743991108764,270991.0,5554.0,30.0,117.95927162530037,104.7535392752672,12.748331302825465,117554.0,3903.0,71.0,116.13361617506658,202.57896048985734,good
https://humblebundle.com/,5.0,62.0,21.0,1.0,11.0,0.0,20.0,0.0,2.0,42.0,120.0,8.0,152.0,0.0,7.0,41.0,5.0,3.0,21.0,1324.0,653497.0,6.0,20726.0,inf,70.94571191351739,0.0,23622.0,inf,205563.0,20381.0,14.0,59.122743364440026,inf,inf,91280.0,20367.0,28.0,60.01776489172424,inf,good
https://instructure.com/,1.0,23.0,6.0,0.0,12.0,0.0,5.0,8.0,0.0,30.0,50.0,4.0,42.0,10.0,5.0,36.0,8.0,0.0,6.0,757.0,188315.0,0.0,10199.0,1.7018220370882609,110.1774009947934,19.0,7390.0,2.8812219311320555,58617.0,6849.0,22.0,94.05670756561187,81.95269708295683,6.897814360877673,25880.0,5286.0,25.0,93.84689119305963,165.09366296600507,good
https://ck101.com/,0.0,0.0,0.0,0.0,0.0,0.0,0.0,0.0,0.0,0.0,2.0,0.0,3.0,0.0,0.0,2.0,0.0,0.0,0.0,21.0,2981.0,0.0,574.0,0.1925528346192553,5.620111451775883,0.0,36.0,0.11320754716981132,318.0,622.0,1.0,5.92505384274912,7.433962264150943,0.2517482517482518,143.0,622.0,1.0,5.92505384274912,15.23076923076923,good
https://dictionary.com/,0.0,6.0,9.0,0.0,0.0,0.0,0.0,0.0,0.0,36.0,18.0,7.0,10.0,0.0,2.0,10.0,0.0,0.0,9.0,531.0,163817.0,0.0,4589.0,1.4293053271352025,76.81354123690188,0.0,4876.0,1.930895081020045,36279.0,2282.0,17.0,61.90937453405353,79.76040529160412,inf,15735.0,2226.0,21.0,61.45375403921664,inf,good
https://wiktionary.org/,0.0,5.0,0.0,0.0,7.0,0.0,0.0,1.0,0.0,0.0,11.0,0.0,12.0,1.0,0.0,5.0,12.0,0.0,0.0,86.0,19071.0,0.0,540.0,0.2716405634348888,19.577023319046056,0.0,681.0,0.8667071870163998,6604.0,583.0,4.0,15.595693695578678,15.710289329841043,1.9783740250116684,2851.0,580.0,11.0,15.749339208564749,28.481921514943004,good
https://tvbs.com.tw/,0.0,6.0,0.0,0.0,0.0,0.0,8.0,2.0,0.0,2.0,25.0,0.0,13.0,0.0,2.0,15.0,7.0,0.0,0.0,75.0,59619.0,0.0,2968.0,2.059018913737438,47.059693933462036,0.0,2120.0,1.0851903956778424,15818.0,1808.0,10.0,42.056706702516955,33.86001240285241,2.555038535643978,6952.0,1637.0,10.0,41.894526072423744,65.6691892201946,good
https://nike.com/,0.0,0.0,0.0,0.0,0.0,0.0,0.0,0.0,0.0,0.0,0.0,0.0,0.0,0.0,0.0,0.0,0.0,0.0,0.0,0.0,0.0,0.0,0.0,0.0,0.0,0.0,0.0,0.0,0.0,0.0,0.0,0.0,0.0,0.0,0.0,0.0,0.0,0.0,0.0,good
https://porn.com/,0.0,5.0,2.0,0.0,0.0,0.0,18.0,2.0,0.0,3.0,13.0,6.0,26.0,1.0,2.0,7.0,6.0,0.0,2.0,45.0,57786.0,0.0,2759.0,0.42169822053259176,51.977093294895,0.0,1975.0,1.6535244319851192,14247.0,1226.0,10.0,44.33099927872032,47.22505363759937,3.7518057463097136,6100.0,1226.0,19.0,44.33099927872032,91.92103482098219,good
https://uploaded.net/,19.0,37.0,3.0,1.0,3.0,1.0,46.0,2.0,10.0,17.0,70.0,27.0,50.0,2.0,7.0,52.0,11.0,1.0,3.0,417.0,268318.0,0.0,5673.0,0.5753071991645722,58.686636832914914,0.0,11926.0,23.24210475682535,58399.0,3257.0,11.0,49.462730716272034,47.77902159428744,56.05301471518595,25039.0,2157.0,15.0,48.77036326666626,99.93151784510171,good
https://lemonde.fr/,0.0,17.0,6.0,0.0,0.0,0.0,9.0,3.0,0.0,11.0,23.0,0.0,29.0,11.0,2.0,29.0,15.0,0.0,6.0,302.0,133513.0,0.0,2935.0,inf,76.10564461837586,0.0,5942.0,inf,54138.0,1474.0,15.0,63.483130613681844,inf,inf,23259.0,1474.0,33.0,63.483130613681844,inf,good
https://liftable.com/,0.0,0.0,0.0,0.0,0.0,0.0,0.0,0.0,0.0,0.0,2.0,0.0,3.0,0.0,0.0,2.0,0.0,0.0,0.0,18.0,2977.0,0.0,574.0,0.1928115552569701,5.624849682588792,0.0,37.0,0.11635220125786164,318.0,622.0,1.0,5.948586636391587,7.421383647798742,0.25874125874125875,143.0,622.0,1.0,5.948586636391587,15.202797202797203,good
https://azlyrics.com/,9.0,10.0,2.0,3.0,8.0,0.0,7.0,3.0,3.0,21.0,48.0,3.0,83.0,2.0,5.0,14.0,6.0,3.0,2.0,838.0,179838.0,0.0,6849.0,2.8276178136755616,88.36487469920608,0.0,6978.0,2.2107328459022697,55677.0,2663.0,19.0,74.1159220961988,81.44226388313588,5.149663675077991,24548.0,1427.0,43.0,73.48339116222505,162.42067405359415,good
https://google.by/,0.0,0.0,0.0,0.0,0.0,0.0,0.0,0.0,0.0,0.0,0.0,0.0,0.0,0.0,0.0,0.0,0.0,0.0,0.0,0.0,0.0,0.0,0.0,0.0,0.0,0.0,0.0,0.0,0.0,0.0,0.0,0.0,0.0,0.0,0.0,0.0,0.0,0.0,0.0,good
https://att.com/,0.0,0.0,0.0,0.0,0.0,0.0,0.0,0.0,0.0,0.0,0.0,0.0,0.0,0.0,0.0,0.0,0.0,0.0,0.0,0.0,0.0,0.0,0.0,0.0,0.0,0.0,0.0,0.0,0.0,0.0,0.0,0.0,0.0,0.0,0.0,0.0,0.0,0.0,0.0,good
https://givemesport.com/,7.0,15.0,40.0,2.0,3.0,1.0,21.0,4.0,1.0,9.0,52.0,10.0,36.0,1.0,18.0,20.0,9.0,0.0,40.0,427.0,229827.0,0.0,5718.0,1.2352257602173289,79.93840338770676,0.0,9665.0,1.475807157112142,82211.0,2828.0,16.0,65.96538515941862,53.95572072687176,3.5434945094370818,35822.0,2813.0,24.0,65.87556241193533,104.32731318222166,good
https://bild.de/,4.0,59.0,65.0,6.0,9.0,0.0,54.0,5.0,1.0,170.0,289.0,27.0,156.0,7.0,10.0,150.0,16.0,0.0,65.0,1435.0,1456187.0,0.0,28129.0,1.531924094515176,125.28163914077173,1.0,38575.0,2.4626517984319714,334148.0,241985.0,25.0,101.05733036129374,95.03821511662703,5.7416886979642845,144132.0,241985.0,41.0,101.05733036129374,184.11929775340678,good
https://albawabhnews.com/,1.0,7.0,1.0,0.0,0.0,0.0,6.0,0.0,0.0,0.0,20.0,0.0,7.0,2.0,0.0,8.0,10.0,0.0,1.0,52.0,46530.0,0.0,3144.0,1.0707666860617868,33.92363796958546,0.0,1681.0,0.7911291983566006,14083.0,1096.0,7.0,28.33416021944321,27.571518051886056,1.8690631245194607,6089.0,1096.0,11.0,28.33416021944321,54.828895305092864,good
https://asana.com/,14.0,38.0,7.0,2.0,2.0,0.0,5.0,9.0,0.0,198.0,58.0,13.0,77.0,4.0,5.0,57.0,13.0,0.0,7.0,1308.0,615304.0,0.0,13848.0,2.2704880407702572,208.87442165375487,0.0,20626.0,5.433164619785609,139565.0,13341.0,41.0,168.7837827087975,178.79789539553138,12.205013847092998,60188.0,11567.0,54.0,168.4997083363808,350.93709083380503,good
https://tistory.com/,11.0,27.0,6.0,2.0,9.0,0.0,20.0,4.0,4.0,189.0,88.0,25.0,63.0,1.0,5.0,38.0,6.0,0.0,6.0,594.0,294680.0,0.0,6158.0,0.49490579132708074,83.43903224328872,0.0,11306.0,2.0018195100151925,85177.0,3341.0,16.0,66.17928990708204,48.43456057941743,4.7006406912231,37326.0,2959.0,19.0,65.41103600560072,87.70388767414211,good
https://souq.com/,7.0,42.0,1.0,11.0,39.0,0.0,21.0,4.0,6.0,41.0,144.0,68.0,59.0,6.0,9.0,49.0,2.0,0.0,1.0,831.0,347458.0,0.0,8972.0,1.2523929591491176,76.60310585975382,0.0,13364.0,inf,116713.0,48755.0,14.0,60.68789558425559,inf,inf,51337.0,46249.0,16.0,60.02279729209246,inf,good
https://mit.edu/,7.0,52.0,8.0,0.0,4.0,0.0,13.0,8.0,0.0,45.0,140.0,27.0,114.0,1.0,5.0,58.0,8.0,0.0,8.0,1049.0,453076.0,0.0,8250.0,0.21398414209769012,26.308393301725413,1.0,19569.0,0.4636453492987155,214964.0,1032.0,5.0,21.84248086200095,12.871012835010934,1.1093812332777402,93483.0,1032.0,7.0,21.84248086200095,23.694430801268172,good
https://coinbase.com/,0.0,0.0,0.0,0.0,0.0,0.0,0.0,0.0,0.0,0.0,2.0,0.0,3.0,0.0,0.0,2.0,0.0,0.0,0.0,19.0,3021.0,0.0,574.0,0.19000331016219796,5.624135985559825,0.0,37.0,0.11635220125786164,318.0,666.0,1.0,5.940832961028801,7.559748427672956,0.25874125874125875,143.0,666.0,1.0,5.940832961028801,15.51048951048951,good
https://hm.com/,0.0,0.0,0.0,0.0,0.0,0.0,0.0,0.0,0.0,0.0,0.0,0.0,0.0,0.0,0.0,0.0,0.0,0.0,0.0,0.0,0.0,0.0,0.0,0.0,0.0,0.0,0.0,0.0,0.0,0.0,0.0,0.0,0.0,0.0,0.0,0.0,0.0,0.0,0.0,good
https://104.com.tw/,8.0,38.0,12.0,1.0,5.0,0.0,15.0,2.0,7.0,111.0,83.0,8.0,59.0,0.0,4.0,73.0,19.0,6.0,12.0,1012.0,921672.0,0.0,15496.0,3.1287263324078154,124.51748707982749,0.0,29602.0,3.6018925528825774,210638.0,157883.0,25.0,107.88184860560625,113.3159862087664,7.634751712596866,95995.0,157874.0,30.0,106.42499320700745,205.00629744030186,good
https://drom.ru/,13.0,39.0,5.0,0.0,2.0,0.0,20.0,21.0,0.0,314.0,61.0,3.0,49.0,9.0,6.0,912.0,4.0,0.0,5.0,2236.0,796561.0,0.0,18881.0,2.449244900528637,312.2119246721433,0.0,27287.0,5.719332314140912,294586.0,19108.0,60.0,247.06646959393274,201.29058975727068,13.020514583507097,127951.0,14999.0,95.0,246.34645676885035,373.44037414871616,good
https://sabq.org/,0.0,0.0,0.0,0.0,0.0,0.0,0.0,0.0,0.0,0.0,2.0,0.0,3.0,0.0,0.0,2.0,0.0,0.0,0.0,20.0,2973.0,0.0,574.0,0.19307097208207197,5.624515948483745,0.0,37.0,0.11635220125786164,318.0,622.0,1.0,5.950254210052765,7.408805031446541,0.25874125874125875,143.0,622.0,1.0,5.950254210052765,15.174825174825175,good
https://pages.tmall.com/,1.0,25.0,6.0,4.0,10.0,0.0,16.0,2.0,1.0,8.0,33.0,12.0,42.0,0.0,1.0,6.0,11.0,0.0,6.0,284.0,128124.0,0.0,3584.0,inf,36.87799322504581,0.0,4172.0,inf,42112.0,1862.0,8.0,30.63275254908512,inf,inf,17903.0,1546.0,19.0,29.931630643384814,inf,good
https://google.com.do/,0.0,0.0,0.0,0.0,0.0,0.0,0.0,0.0,0.0,0.0,0.0,0.0,0.0,0.0,0.0,0.0,0.0,0.0,0.0,0.0,0.0,0.0,0.0,0.0,0.0,0.0,0.0,0.0,0.0,0.0,0.0,0.0,0.0,0.0,0.0,0.0,0.0,0.0,0.0,good
https://chip.de/,3.0,17.0,22.0,2.0,4.0,0.0,10.0,1.0,0.0,77.0,45.0,3.0,45.0,5.0,5.0,19.0,3.0,0.0,22.0,344.0,189115.0,0.0,9946.0,10.011231687967797,144.03753352817438,0.0,7300.0,5.139152790492592,65658.0,1357.0,34.0,130.69268330662834,130.89177888768717,12.650187854784905,28543.0,1314.0,46.0,131.30450459788202,267.8066236925019,good
https://asus.com/,3.0,44.0,36.0,0.0,2.0,0.0,24.0,4.0,0.0,121.0,217.0,5.0,194.0,4.0,8.0,91.0,19.0,0.0,36.0,2380.0,1193777.0,0.0,25064.0,inf,92.4593641627549,0.0,37480.0,inf,287593.0,24598.0,18.0,80.52284492532218,inf,inf,124560.0,24427.0,35.0,80.36066429522896,inf,good
https://wiley.com/,0.0,0.0,0.0,0.0,0.0,0.0,0.0,0.0,0.0,0.0,2.0,0.0,3.0,0.0,0.0,2.0,0.0,0.0,0.0,21.0,2981.0,0.0,574.0,0.1925528346192553,5.62390780181207,0.0,37.0,0.11635220125786164,318.0,622.0,1.0,5.932743029000215,7.433962264150943,0.25874125874125875,143.0,622.0,1.0,5.932743029000215,15.23076923076923,good
https://elmundo.es/,29.0,28.0,30.0,7.0,14.0,0.0,27.0,12.0,0.0,29.0,80.0,3.0,123.0,26.0,5.0,53.0,59.0,1.0,30.0,1118.0,500836.0,0.0,34396.0,2.342307435369848,249.2087561603812,0.0,20138.0,8.379632794476812,132974.0,54214.0,51.0,205.06319385432133,218.91458952975725,18.706012816818316,57569.0,54129.0,92.0,204.0883402869912,424.54344027913754,good
https://kijiji.ca/,0.0,0.0,0.0,0.0,0.0,0.0,0.0,0.0,0.0,0.0,0.0,0.0,0.0,0.0,0.0,0.0,0.0,0.0,0.0,0.0,0.0,0.0,0.0,0.0,0.0,0.0,0.0,0.0,0.0,0.0,0.0,0.0,0.0,0.0,0.0,0.0,0.0,0.0,0.0,good
https://hespress.com/,0.0,0.0,0.0,0.0,0.0,0.0,0.0,0.0,0.0,0.0,2.0,0.0,3.0,0.0,0.0,2.0,0.0,0.0,0.0,21.0,2989.0,0.0,574.0,0.1920374707259953,5.620184752816398,0.0,38.0,0.11949685534591195,318.0,622.0,1.0,5.945235937069124,7.459119496855346,0.26573426573426573,143.0,622.0,1.0,5.945235937069124,15.286713286713287,good
https://inquirer.net/,0.0,0.0,0.0,0.0,0.0,0.0,0.0,0.0,0.0,0.0,2.0,0.0,3.0,0.0,0.0,2.0,0.0,0.0,0.0,18.0,2977.0,0.0,574.0,0.1928115552569701,5.623931947649354,0.0,36.0,0.11320754716981132,318.0,622.0,1.0,5.94387986347424,7.421383647798742,0.2517482517482518,143.0,622.0,1.0,5.94387986347424,15.202797202797203,good
https://lk21.org/,0.0,0.0,0.0,0.0,0.0,0.0,0.0,0.0,0.0,0.0,2.0,0.0,3.0,0.0,0.0,2.0,0.0,0.0,0.0,21.0,2985.0,0.0,574.0,0.19229480737018426,5.607931037596073,0.0,39.0,0.12264150943396226,318.0,622.0,1.0,5.928118223524593,7.446540880503145,0.2727272727272727,143.0,622.0,1.0,5.928118223524593,15.258741258741258,good
https://blogspot.mx/,1.0,10.0,1.0,1.0,1.0,0.0,3.0,0.0,5.0,3.0,26.0,11.0,10.0,0.0,7.0,2.0,7.0,0.0,1.0,216.0,92838.0,0.0,1657.0,0.17029913444861614,47.50671773965027,0.0,4638.0,1.2028244822524494,45359.0,3098.0,9.0,37.10974911238914,27.141659728026504,2.899981877278016,20029.0,3098.0,10.0,37.10974911238914,54.3430024781324,good
https://hotels.com/,0.0,0.0,0.0,0.0,0.0,0.0,0.0,0.0,0.0,0.0,0.0,0.0,0.0,0.0,0.0,0.0,0.0,0.0,0.0,0.0,0.0,0.0,0.0,0.0,0.0,0.0,0.0,0.0,0.0,0.0,0.0,0.0,0.0,0.0,0.0,0.0,0.0,0.0,0.0,good
https://engadget.com/,10.0,43.0,28.0,2.0,6.0,0.0,35.0,8.0,4.0,71.0,71.0,14.0,91.0,8.0,9.0,30.0,30.0,0.0,28.0,1219.0,477347.0,0.0,14571.0,8.153105486216296,186.21346184463138,0.0,18486.0,6.2063007865760325,156491.0,21348.0,41.0,159.57006584636105,149.06428449280205,14.357340771099858,68632.0,21348.0,81.0,159.57006584636105,291.9445105235372,good
https://banggood.com/,0.0,0.0,0.0,0.0,0.0,0.0,0.0,0.0,0.0,0.0,0.0,0.0,0.0,0.0,0.0,0.0,0.0,0.0,0.0,0.0,0.0,0.0,0.0,0.0,0.0,0.0,0.0,0.0,0.0,0.0,0.0,0.0,0.0,0.0,0.0,0.0,0.0,0.0,0.0,good
https://thefreedictionary.com/,2.0,26.0,21.0,0.0,4.0,1.0,8.0,0.0,1.0,13.0,31.0,7.0,24.0,4.0,2.0,21.0,36.0,3.0,21.0,496.0,181644.0,0.0,4090.0,0.6562616014275298,131.71340055682435,0.0,8551.0,3.934694016794528,66172.0,18802.0,28.0,109.10733597592831,138.49442157216413,8.729633746499271,29580.0,18570.0,62.0,108.59683710665955,277.589426208942,good
https://npr.org/,0.0,43.0,43.0,0.0,2.0,0.0,5.0,0.0,0.0,309.0,86.0,11.0,34.0,4.0,9.0,40.0,12.0,0.0,43.0,857.0,412080.0,0.0,8863.0,1.0841211233192896,79.48211545350038,0.0,14701.0,3.0911516929867235,34449.0,12664.0,16.0,64.32609536813541,61.01917660064501,7.194436789269693,14825.0,12664.0,24.0,64.32609536813541,123.75528515040843,good
https://okdiario.com/,0.0,0.0,0.0,0.0,0.0,0.0,0.0,0.0,0.0,0.0,2.0,0.0,3.0,0.0,0.0,2.0,0.0,0.0,0.0,18.0,2977.0,0.0,574.0,0.1928115552569701,5.627573584532669,0.0,36.0,0.11320754716981132,318.0,622.0,1.0,5.956243097316819,7.421383647798742,0.2517482517482518,143.0,622.0,1.0,5.956243097316819,15.202797202797203,good
https://ouedkniss.com/,4.0,18.0,9.0,0.0,3.0,0.0,5.0,9.0,0.0,33.0,131.0,33.0,66.0,1.0,2.0,21.0,4.0,0.0,9.0,864.0,334793.0,0.0,7701.0,0.8874964933867309,35.80596138609795,0.0,13894.0,0.7439718795801418,147330.0,7850.0,7.0,31.053248140774727,20.02314555620097,1.7743386027234136,63546.0,7850.0,7.0,31.053248140774727,37.8486219062354,good
https://cambridge.org/,0.0,0.0,0.0,0.0,0.0,0.0,0.0,0.0,0.0,0.0,2.0,0.0,3.0,0.0,0.0,2.0,0.0,0.0,0.0,20.0,2985.0,0.0,574.0,0.19229480737018426,5.623728198981152,0.0,38.0,0.11949685534591195,318.0,622.0,1.0,5.93199958828199,7.446540880503145,0.26573426573426573,143.0,622.0,1.0,5.93199958828199,15.258741258741258,good
https://kooora.com/,0.0,0.0,0.0,0.0,0.0,0.0,0.0,0.0,0.0,0.0,2.0,0.0,3.0,0.0,0.0,2.0,0.0,0.0,0.0,21.0,2977.0,0.0,574.0,0.1928115552569701,5.616557232486337,0.0,38.0,0.11949685534591195,318.0,622.0,1.0,5.960540846193034,7.421383647798742,0.26573426573426573,143.0,622.0,1.0,5.960540846193034,15.202797202797203,good
https://dmm.co.jp/,0.0,6.0,1.0,1.0,2.0,0.0,0.0,0.0,2.0,3.0,20.0,4.0,26.0,1.0,9.0,15.0,9.0,3.0,1.0,123.0,68903.0,0.0,5735.0,1.2386461008340088,59.92803019532123,0.0,2615.0,2.3887585448219295,23649.0,508.0,12.0,46.93376158214833,46.51244345041901,5.5116868455697,10147.0,485.0,32.0,46.651756740168274,90.82618843042123,good
https://wunderground.com/,0.0,44.0,7.0,4.0,11.0,0.0,46.0,22.0,0.0,541.0,117.0,66.0,192.0,2.0,2.0,70.0,8.0,0.0,7.0,1860.0,1424163.0,0.0,25075.0,0.28285868565810424,53.50851411601731,0.0,59260.0,16.048539793870436,97269.0,2431.0,10.0,43.00994057394335,25.0857079924335,43.343715728914624,40996.0,2377.0,10.0,42.52202148099171,44.308118526867595,good
https://youjizz.com/,0.0,0.0,0.0,0.0,0.0,0.0,0.0,0.0,0.0,0.0,0.0,0.0,0.0,0.0,0.0,0.0,0.0,0.0,0.0,0.0,1365.0,0.0,165.0,0.12087912087912088,5.165853786336993,0.0,67.0,0.15124153498871332,443.0,23.0,1.0,3.8279097821439705,2.0925507900677203,0.3101851851851852,216.0,23.0,1.0,3.8279097821439705,3.064814814814815,good
https://discogs.com/,0.0,0.0,0.0,0.0,0.0,0.0,0.0,0.0,0.0,0.0,0.0,0.0,0.0,4.0,0.0,1.0,9.0,0.0,0.0,8.0,1850.0,0.0,41.0,0.14467386109058872,15.096495337623562,0.0,55.0,0.25175761633746235,466.0,79.0,3.0,10.605056913620789,11.911156678942081,0.5950374531835206,196.0,76.0,3.0,11.01646215206676,21.640353677221654,good
https://adp.com/,0.0,0.0,0.0,0.0,0.0,0.0,0.0,0.0,0.0,0.0,0.0,0.0,0.0,0.0,0.0,0.0,0.0,0.0,0.0,0.0,0.0,0.0,0.0,0.0,0.0,0.0,0.0,0.0,0.0,0.0,0.0,0.0,0.0,0.0,0.0,0.0,0.0,0.0,0.0,good
https://weblio.jp/,0.0,6.0,10.0,0.0,0.0,0.0,4.0,0.0,2.0,5.0,11.0,1.0,39.0,0.0,5.0,15.0,35.0,36.0,10.0,321.0,80628.0,0.0,1054.0,0.07427397883737646,30.271360392225994,0.0,3077.0,1.4060357405779893,23671.0,1126.0,6.0,25.657856708036668,34.96414298934445,3.1891976746002095,10753.0,1126.0,15.0,25.657856708036668,68.52788472960447,good
https://wish.com/,4.0,35.0,11.0,1.0,4.0,0.0,49.0,17.0,1.0,579.0,91.0,29.0,158.0,6.0,3.0,67.0,8.0,0.0,11.0,2681.0,2342518.0,2.0,77459.0,2.8407826359707515,144.36504984656318,1.0,53838.0,inf,443170.0,39222.0,29.0,117.71842104919445,inf,inf,183264.0,34163.0,83.0,117.71454106012295,inf,good
https://51sole.com/,0.0,0.0,0.0,0.0,0.0,0.0,0.0,0.0,0.0,0.0,0.0,0.0,0.0,0.0,0.0,0.0,0.0,0.0,0.0,0.0,0.0,0.0,0.0,0.0,0.0,0.0,0.0,0.0,0.0,0.0,0.0,0.0,0.0,0.0,0.0,0.0,0.0,0.0,0.0,good
https://animeflv.net/,0.0,0.0,0.0,0.0,0.0,0.0,0.0,0.0,0.0,0.0,2.0,0.0,3.0,0.0,0.0,2.0,0.0,0.0,0.0,18.0,3069.0,0.0,574.0,0.1870316063864451,5.653437530085666,0.0,36.0,0.11320754716981132,318.0,706.0,1.0,5.957858223217539,7.710691823899371,0.2517482517482518,143.0,706.0,1.0,5.957858223217539,15.846153846153847,good
https://ctitv.com.tw/,0.0,0.0,0.0,0.0,0.0,0.0,0.0,0.0,0.0,0.0,0.0,0.0,0.0,0.0,0.0,0.0,0.0,0.0,0.0,0.0,0.0,0.0,0.0,0.0,0.0,0.0,0.0,0.0,0.0,0.0,0.0,0.0,0.0,0.0,0.0,0.0,0.0,0.0,0.0,good
https://lolsided.com/,0.0,0.0,0.0,0.0,0.0,0.0,0.0,0.0,0.0,0.0,2.0,0.0,3.0,0.0,0.0,2.0,0.0,0.0,0.0,18.0,2976.0,0.0,574.0,0.1928763440860215,5.622684701075608,0.0,36.0,0.11320754716981132,318.0,622.0,1.0,5.95557270751701,7.418238993710692,0.2517482517482518,143.0,622.0,1.0,5.95557270751701,15.195804195804195,good
https://sex.com/,0.0,0.0,0.0,0.0,0.0,0.0,0.0,0.0,0.0,0.0,2.0,0.0,3.0,0.0,0.0,2.0,0.0,0.0,0.0,22.0,3017.0,0.0,574.0,0.1902552204176334,5.637129789733531,0.0,37.0,0.11635220125786164,318.0,666.0,1.0,5.951638728545625,7.547169811320755,0.25874125874125875,143.0,666.0,1.0,5.951638728545625,15.482517482517483,good
https://xe.com/,26.0,49.0,13.0,11.0,35.0,0.0,22.0,4.0,0.0,490.0,119.0,26.0,136.0,20.0,1.0,2267.0,6.0,1.0,13.0,1199.0,1953320.0,0.0,41251.0,1.2110977388433146,216.5855610928646,0.0,46049.0,4.574435626633739,434444.0,402463.0,41.0,181.74101325366763,167.06817748815277,10.491051375022408,186700.0,402428.0,43.0,181.12872830511478,326.5540608982849,good
https://life.tw/,0.0,0.0,0.0,0.0,0.0,0.0,0.0,0.0,0.0,0.0,0.0,0.0,0.0,0.0,0.0,0.0,0.0,0.0,0.0,0.0,0.0,0.0,0.0,0.0,0.0,0.0,0.0,0.0,0.0,0.0,0.0,0.0,0.0,0.0,0.0,0.0,0.0,0.0,0.0,good
https://corriere.it/,20.0,36.0,30.0,2.0,4.0,0.0,40.0,12.0,0.0,28.0,158.0,28.0,112.0,46.0,20.0,51.0,30.0,2.0,30.0,1708.0,570383.0,0.0,17404.0,inf,299.4459884404114,0.0,20717.0,inf,178491.0,72805.0,61.0,243.6885771941694,inf,inf,77131.0,69627.0,70.0,241.1008501108204,inf,good
https://verizonwireless.com/,13.0,74.0,4.0,3.0,12.0,0.0,34.0,4.0,1.0,76.0,209.0,34.0,205.0,27.0,5.0,86.0,63.0,0.0,4.0,1649.0,852551.0,0.0,22068.0,inf,41.730419552876874,0.0,26766.0,inf,137253.0,102068.0,9.0,38.95249179955096,inf,inf,58283.0,102039.0,9.0,38.55515763476446,inf,good
https://youboy.com/,1.0,2.0,0.0,0.0,2.0,0.0,0.0,0.0,0.0,12.0,26.0,0.0,11.0,1.0,1.0,18.0,1.0,0.0,0.0,132.0,81028.0,0.0,3644.0,inf,40.468584158851904,0.0,3291.0,inf,34756.0,580.0,8.0,33.62379720952572,inf,inf,15411.0,580.0,9.0,33.62379720952572,inf,good
https://milliyet.com.tr/,6.0,18.0,20.0,2.0,4.0,0.0,11.0,9.0,0.0,20.0,43.0,7.0,22.0,9.0,0.0,13.0,12.0,0.0,20.0,471.0,266888.0,0.0,8007.0,1.6511758647793797,135.21045281156037,0.0,10835.0,3.245384854348653,103001.0,2456.0,27.0,106.17975118878724,108.93836801261452,8.097490132683651,43048.0,2456.0,50.0,106.17975118878724,224.48853991738795,good
https://jianshu.com/,0.0,1.0,0.0,0.0,0.0,0.0,3.0,0.0,0.0,0.0,0.0,0.0,0.0,0.0,0.0,0.0,0.0,0.0,0.0,26.0,17058.0,2.0,150.0,0.008793527963418923,4.7228186506275724,124.0,261.0,0.08981417756366139,2906.0,322.0,1.0,3.1942067572677004,5.8162422573984855,0.23408071748878923,1115.0,322.0,1.0,3.1942067572677004,13.488789237668161,good
https://terraclicks.com/,0.0,0.0,0.0,0.0,0.0,0.0,0.0,0.0,0.0,0.0,0.0,0.0,0.0,0.0,0.0,0.0,0.0,0.0,0.0,0.0,0.0,0.0,0.0,0.0,0.0,0.0,0.0,0.0,0.0,0.0,0.0,0.0,0.0,0.0,0.0,0.0,0.0,0.0,0.0,good
https://jeuxvideo.com/,0.0,0.0,0.0,0.0,0.0,0.0,0.0,0.0,0.0,0.0,2.0,0.0,3.0,0.0,0.0,2.0,0.0,0.0,0.0,21.0,2980.0,0.0,574.0,0.19261744966442954,5.617368717764655,0.0,36.0,0.11320754716981132,318.0,622.0,1.0,5.939486191845738,7.430817610062893,0.2517482517482518,143.0,622.0,1.0,5.939486191845738,15.223776223776223,good
https://drtuber.com/,0.0,11.0,2.0,0.0,1.0,1.0,2.0,0.0,0.0,0.0,3.0,1.0,16.0,0.0,4.0,15.0,1.0,0.0,2.0,149.0,91772.0,0.0,4708.0,2.2364947802006583,60.70158341221247,0.0,3294.0,2.147625309362157,23103.0,3877.0,13.0,56.01407178788404,56.51817908961949,4.552769697816434,9989.0,3877.0,20.0,56.01407178788404,103.21023338337048,good
https://okcupid.com/,0.0,0.0,0.0,0.0,0.0,0.0,0.0,0.0,0.0,0.0,2.0,0.0,3.0,0.0,0.0,2.0,0.0,0.0,0.0,21.0,3020.0,0.0,574.0,0.1900662251655629,5.63693206208009,0.0,36.0,0.11320754716981132,318.0,666.0,1.0,5.9655725505875425,7.556603773584905,0.2517482517482518,143.0,666.0,1.0,5.9655725505875425,15.503496503496503,good
https://google.hr/,0.0,0.0,0.0,0.0,0.0,0.0,0.0,0.0,0.0,0.0,0.0,0.0,0.0,0.0,0.0,0.0,0.0,0.0,0.0,0.0,0.0,0.0,0.0,0.0,0.0,0.0,0.0,0.0,0.0,0.0,0.0,0.0,0.0,0.0,0.0,0.0,0.0,0.0,0.0,good
https://drive2.ru/,2.0,27.0,1.0,0.0,0.0,0.0,10.0,16.0,0.0,138.0,56.0,3.0,37.0,0.0,1.0,28.0,10.0,0.0,1.0,984.0,406952.0,0.0,11015.0,3.2821528310655945,73.03471287029285,0.0,11580.0,4.124155081644393,30988.0,6893.0,16.0,69.43185643043435,83.95653982007218,9.776534696853005,12692.0,2492.0,39.0,70.157175487928,176.72289406064633,good
https://meetup.com/,7.0,25.0,3.0,1.0,1.0,0.0,30.0,5.0,0.0,42.0,50.0,10.0,53.0,2.0,1.0,85.0,5.0,0.0,3.0,1300.0,892809.0,0.0,22534.0,0.5410657964529334,131.09009499115442,0.0,31223.0,3.7319124575349107,234208.0,19495.0,25.0,110.19005105067511,138.77198366103443,8.385325013359418,101638.0,15573.0,43.0,109.59394621756398,273.1079903228456,good
https://nikkei.com/,0.0,7.0,0.0,0.0,0.0,0.0,2.0,1.0,3.0,3.0,9.0,1.0,11.0,1.0,6.0,6.0,0.0,0.0,0.0,76.0,57887.0,0.0,1534.0,0.10514746388087767,23.958221682759188,0.0,2797.0,0.421815727551391,20166.0,296.0,5.0,18.591458376155316,20.44595947513936,0.9893844718659337,9017.0,292.0,10.0,19.808365590727288,41.08603508169186,good
https://discuss.com.hk/,0.0,0.0,0.0,0.0,0.0,0.0,0.0,0.0,0.0,0.0,2.0,0.0,3.0,0.0,0.0,2.0,0.0,0.0,0.0,20.0,2981.0,0.0,574.0,0.1925528346192553,5.629716778312104,0.0,37.0,0.11635220125786164,318.0,622.0,1.0,5.935431847614027,7.433962264150943,0.25874125874125875,143.0,622.0,1.0,5.935431847614027,15.23076923076923,good
https://lapatilla.com/,0.0,0.0,0.0,0.0,0.0,0.0,0.0,0.0,0.0,0.0,2.0,0.0,3.0,0.0,0.0,2.0,0.0,0.0,0.0,21.0,2981.0,0.0,574.0,0.1925528346192553,5.611286192061464,0.0,38.0,0.11949685534591195,318.0,622.0,1.0,5.941571562292646,7.433962264150943,0.26573426573426573,143.0,622.0,1.0,5.941571562292646,15.23076923076923,good
https://quizlet.com/,0.0,0.0,0.0,0.0,0.0,0.0,0.0,0.0,0.0,0.0,2.0,0.0,3.0,0.0,0.0,2.0,0.0,0.0,0.0,21.0,3021.0,0.0,574.0,0.19000331016219796,5.631667524271349,0.0,37.0,0.11635220125786164,318.0,666.0,1.0,5.961179646821377,7.559748427672956,0.25874125874125875,143.0,666.0,1.0,5.961179646821377,15.51048951048951,good
https://blpmovies.com/,115.0,17.0,5.0,0.0,12.0,0.0,27.0,3.0,0.0,21.0,100.0,20.0,223.0,1.0,2.0,40.0,7.0,0.0,5.0,991.0,488745.0,0.0,17225.0,0.140861209991465,10.534819125774575,0.0,17216.0,0.2292686324336758,177740.0,2848.0,2.0,9.269575596554098,6.575476932926728,0.5400766295003109,76500.0,1757.0,2.0,8.912774605409684,12.57096680324511,good
https://bitbucket.org/,20.0,1508.0,5.0,9.0,414.0,0.0,1715.0,564.0,0.0,2567.0,6629.0,765.0,11093.0,209.0,744.0,7276.0,3882.0,1.0,5.0,82517.0,54953755.0,741.0,1767648.0,142.62712138206822,16486.234951701306,0.0,1309642.0,inf,13657225.0,1857510.0,3215.0,13587.42707039954,inf,inf,5785170.0,1711145.0,5635.0,13594.614517245791,inf,good
https://mundo.com/,5.0,21.0,13.0,2.0,4.0,0.0,25.0,8.0,0.0,26.0,70.0,8.0,62.0,2.0,6.0,44.0,26.0,0.0,13.0,658.0,359232.0,0.0,12727.0,3.265753096773655,175.4184404463186,0.0,15092.0,6.414581918996225,125512.0,9766.0,35.0,150.93448622813588,181.56888727663681,13.791424523077525,54558.0,9595.0,55.0,150.77230559804266,344.84780125312386,good
https://linkshrink.net/,0.0,0.0,0.0,0.0,0.0,0.0,0.0,0.0,0.0,0.0,2.0,0.0,3.0,0.0,0.0,2.0,0.0,0.0,0.0,21.0,2962.0,0.0,574.0,0.1937879810938555,5.599728405176674,0.0,38.0,0.11949685534591195,318.0,602.0,1.0,5.914858102796315,7.3742138364779874,0.26573426573426573,143.0,602.0,1.0,5.914858102796315,15.097902097902098,good
https://thekitchn.com/,0.0,0.0,0.0,0.0,0.0,0.0,0.0,0.0,0.0,0.0,1.0,1.0,0.0,0.0,0.0,2.0,0.0,0.0,0.0,0.0,864.0,0.0,56.0,0.14150943396226415,10.539749617518845,0.0,31.0,0.5555555555555556,138.0,118.0,2.0,8.677740394073924,11.678104575163399,1.1473429951690821,64.0,118.0,3.0,8.677740394073924,22.415458937198068,good
https://norton.com/,16.0,37.0,15.0,3.0,19.0,0.0,23.0,10.0,2.0,138.0,125.0,8.0,100.0,16.0,8.0,43.0,67.0,12.0,15.0,1250.0,772679.0,9.0,30129.0,1.6977955603134438,89.37716405759106,0.0,21983.0,2.4494645433895035,193016.0,40391.0,18.0,73.32636848128244,80.01772756571367,5.765471010608591,83876.0,40388.0,23.0,73.94877132476925,164.76629606094178,good
https://reallifecam.com/,6.0,42.0,5.0,0.0,3.0,0.0,24.0,10.0,6.0,44.0,209.0,26.0,128.0,2.0,4.0,435.0,8.0,0.0,5.0,1401.0,768135.0,3.0,50998.0,1.240371934965786,44.596335380297745,0.0,28092.0,1.4771698341639243,247609.0,3619.0,9.0,39.538249298301594,34.315064078951686,3.484012903479348,107929.0,2348.0,20.0,40.11445933733872,67.42860922729012,good
https://surveymonkey.com/,1134.0,29.0,19.0,61.0,181.0,0.0,242.0,10.0,2.0,931.0,232.0,63.0,403.0,2.0,1.0,2806.0,5.0,0.0,19.0,344.0,18610313.0,0.0,917385.0,5.146049424244317,414.229038122432,0.0,137898.0,1257.4591237827794,39455.0,11583614.0,73.0,387.92525221747417,218066.83321535343,3900.6190914137514,15468.0,11583614.0,199.0,387.92525221747417,716893.5578558983,good
https://springer.com/,0.0,1.0,0.0,0.0,0.0,0.0,3.0,0.0,0.0,39.0,7.0,0.0,2.0,7.0,0.0,6.0,1.0,0.0,0.0,130.0,74316.0,0.0,1687.0,0.2630004456356789,30.748594518997685,0.0,1526.0,0.6941594083639505,9846.0,11926.0,6.0,26.62355506543181,28.830532612668723,1.7109188275509313,4333.0,11926.0,11.0,26.62355506543181,59.811835249388366,good
https://google.com.ly/,0.0,0.0,0.0,0.0,0.0,0.0,0.0,0.0,0.0,0.0,0.0,0.0,0.0,0.0,0.0,0.0,0.0,0.0,0.0,0.0,0.0,0.0,0.0,0.0,0.0,0.0,0.0,0.0,0.0,0.0,0.0,0.0,0.0,0.0,0.0,0.0,0.0,0.0,0.0,good
https://blogfa.com/,0.0,0.0,0.0,0.0,0.0,0.0,0.0,0.0,0.0,0.0,2.0,0.0,3.0,0.0,0.0,2.0,0.0,0.0,0.0,21.0,2977.0,0.0,574.0,0.1928115552569701,5.627594996948464,0.0,36.0,0.11320754716981132,318.0,622.0,1.0,5.927262318002732,7.421383647798742,0.2517482517482518,143.0,622.0,1.0,5.927262318002732,15.202797202797203,good
https://mercadolibre.com.ve/,0.0,0.0,0.0,0.0,0.0,0.0,0.0,0.0,0.0,0.0,0.0,0.0,0.0,0.0,0.0,0.0,0.0,0.0,0.0,0.0,0.0,0.0,0.0,0.0,0.0,0.0,0.0,0.0,0.0,0.0,0.0,0.0,0.0,0.0,0.0,0.0,0.0,0.0,0.0,good
https://fnkyyrgraizy.com/,0.0,0.0,0.0,0.0,0.0,0.0,0.0,0.0,0.0,0.0,0.0,0.0,0.0,0.0,0.0,0.0,0.0,0.0,0.0,5.0,718.0,0.0,2.0,0.0029895366218236174,10.23886599223728,0.0,4.0,0.6666666666666666,12.0,685.0,2.0,9.979754370332639,119.16666666666667,1.3333333333333333,6.0,685.0,4.0,9.979754370332639,236.33333333333334,good
https://thevideo.me/,0.0,0.0,0.0,0.0,0.0,0.0,0.0,0.0,0.0,0.0,2.0,0.0,3.0,0.0,0.0,2.0,0.0,0.0,0.0,20.0,2977.0,0.0,574.0,0.1928115552569701,5.619866542408206,0.0,36.0,0.11320754716981132,318.0,622.0,1.0,5.96151166986887,7.421383647798742,0.2517482517482518,143.0,622.0,1.0,5.96151166986887,15.202797202797203,good
https://coursera.org/,6.0,15.0,4.0,5.0,12.0,0.0,23.0,13.0,1.0,126.0,102.0,12.0,165.0,0.0,4.0,55.0,0.0,0.0,4.0,1233.0,918950.0,0.0,19303.0,0.9896920091394368,54.45591153831175,1.0,30319.0,5.551808612893199,262005.0,132818.0,11.0,45.353393924731186,773.3953293778152,14.390720156681681,116337.0,132800.0,22.0,45.71923856557711,2133.7107120615287,good
https://lowes.com/,0.0,0.0,0.0,0.0,0.0,0.0,0.0,0.0,0.0,0.0,0.0,0.0,0.0,0.0,0.0,0.0,0.0,0.0,0.0,0.0,0.0,0.0,0.0,0.0,0.0,0.0,0.0,0.0,0.0,0.0,0.0,0.0,0.0,0.0,0.0,0.0,0.0,0.0,0.0,good
https://eksisozluk.com/,0.0,0.0,0.0,0.0,0.0,0.0,0.0,0.0,0.0,0.0,2.0,0.0,3.0,0.0,0.0,2.0,0.0,0.0,0.0,20.0,2981.0,0.0,574.0,0.1925528346192553,5.606919162237625,0.0,37.0,0.11635220125786164,318.0,622.0,1.0,5.936207675945748,7.433962264150943,0.25874125874125875,143.0,622.0,1.0,5.936207675945748,15.23076923076923,good
https://drudgereport.com/,9.0,18.0,52.0,4.0,8.0,0.0,63.0,8.0,0.0,482.0,85.0,18.0,68.0,2.0,2.0,12.0,18.0,1.0,52.0,1725.0,599244.0,0.0,13220.0,0.977399262356875,60.456571235075636,826.0,21993.0,1.4218226455186236,252502.0,3882.0,12.0,53.75388844395901,42.3615049659346,3.546558152414665,106013.0,3882.0,17.0,53.75388844395901,92.14232821027109,good
https://goo.gl/,0.0,1.0,0.0,0.0,1.0,0.0,0.0,0.0,0.0,1.0,12.0,0.0,7.0,2.0,2.0,3.0,3.0,0.0,0.0,184.0,33034.0,0.0,2177.0,0.8996406064589,38.809786011218016,0.0,1428.0,1.2940844988898417,10849.0,1592.0,8.0,32.639124660143466,36.954851816529626,3.073876778255162,4878.0,1592.0,13.0,32.639124660143466,75.50790483937809,good
https://ccm.net/,0.0,0.0,0.0,0.0,0.0,0.0,0.0,0.0,0.0,0.0,0.0,0.0,0.0,0.0,0.0,0.0,0.0,0.0,0.0,0.0,0.0,0.0,0.0,0.0,0.0,0.0,0.0,0.0,0.0,0.0,0.0,0.0,0.0,0.0,0.0,0.0,0.0,0.0,0.0,good
https://uptobox.com/,0.0,0.0,0.0,0.0,0.0,0.0,0.0,0.0,0.0,0.0,2.0,0.0,3.0,0.0,0.0,2.0,0.0,0.0,0.0,20.0,2977.0,0.0,574.0,0.1928115552569701,5.617956502068809,0.0,37.0,0.11635220125786164,318.0,622.0,1.0,5.955458976794195,7.421383647798742,0.25874125874125875,143.0,622.0,1.0,5.955458976794195,15.202797202797203,good
https://beytoote.com/,0.0,7.0,1.0,0.0,0.0,0.0,5.0,0.0,3.0,4.0,3.0,1.0,25.0,0.0,0.0,13.0,0.0,0.0,1.0,64.0,59121.0,0.0,1145.0,inf,231.71139542851742,0.0,1844.0,inf,25330.0,1003.0,45.0,155.0106782380577,inf,inf,10264.0,980.0,51.0,154.72867339607762,inf,good
https://cnbc.com/,3.0,3.0,24.0,0.0,0.0,0.0,0.0,0.0,0.0,3.0,4.0,0.0,3.0,2.0,3.0,7.0,0.0,0.0,24.0,181.0,337063.0,0.0,9471.0,1.038674974266373,34.19489001626479,0.0,6029.0,1.3324384290147349,45195.0,8414.0,7.0,31.208980789461208,55.73286624523452,3.125641197600797,19716.0,8414.0,10.0,31.208980789461208,118.96282052945494,good
https://prezi.com/,24.0,28.0,8.0,22.0,48.0,0.0,10.0,10.0,1.0,41.0,61.0,12.0,95.0,4.0,2.0,33.0,9.0,1.0,8.0,681.0,492220.0,5.0,7249.0,1.3855053304259184,49.694515404795624,0.0,16539.0,1.1611736876697856,134933.0,37698.0,10.0,39.247060725716786,34.65147419021705,2.8096104920450555,57894.0,37692.0,13.0,38.713571713834796,67.57937323705727,good
https://newtabtv.com/,2.0,4.0,1.0,0.0,0.0,0.0,5.0,2.0,3.0,5.0,20.0,4.0,42.0,0.0,4.0,16.0,6.0,0.0,1.0,405.0,88388.0,0.0,1497.0,inf,41.34114568372171,44.0,3190.0,inf,25016.0,2774.0,8.0,34.917976194595816,inf,inf,10693.0,1031.0,8.0,33.78808133948498,inf,good
https://newtabtv.com/,2.0,4.0,1.0,0.0,0.0,0.0,5.0,2.0,3.0,5.0,20.0,4.0,42.0,0.0,4.0,16.0,6.0,0.0,1.0,405.0,88388.0,0.0,1497.0,inf,41.34114568372171,44.0,3190.0,inf,25016.0,2774.0,8.0,34.917976194595816,inf,inf,10693.0,1031.0,8.0,33.78808133948498,inf,good
https://google.tn/,0.0,0.0,0.0,0.0,0.0,0.0,0.0,0.0,0.0,0.0,0.0,0.0,0.0,0.0,0.0,0.0,0.0,0.0,0.0,0.0,0.0,0.0,0.0,0.0,0.0,0.0,0.0,0.0,0.0,0.0,0.0,0.0,0.0,0.0,0.0,0.0,0.0,0.0,0.0,good
https://namnak.com/,0.0,1.0,0.0,0.0,0.0,0.0,0.0,0.0,0.0,0.0,1.0,0.0,1.0,0.0,0.0,2.0,1.0,0.0,0.0,8.0,1491.0,0.0,53.0,0.13647317311008578,18.641521684810925,0.0,57.0,0.5476425724918956,421.0,163.0,4.0,14.99542161903614,16.63075477202046,1.297868797868798,184.0,163.0,9.0,14.99542161903614,32.96153846153846,good
https://realtor.com/,0.0,0.0,0.0,0.0,0.0,0.0,0.0,0.0,0.0,0.0,0.0,0.0,0.0,0.0,0.0,0.0,0.0,0.0,0.0,0.0,0.0,0.0,0.0,0.0,0.0,0.0,0.0,0.0,0.0,0.0,0.0,0.0,0.0,0.0,0.0,0.0,0.0,0.0,0.0,good
https://investopedia.com/,0.0,0.0,0.0,0.0,0.0,0.0,0.0,0.0,0.0,0.0,0.0,0.0,0.0,0.0,0.0,0.0,0.0,0.0,0.0,0.0,0.0,0.0,0.0,0.0,0.0,0.0,0.0,0.0,0.0,0.0,0.0,0.0,0.0,0.0,0.0,0.0,0.0,0.0,0.0,good
https://ca.gov/,3.0,21.0,31.0,2.0,2.0,0.0,6.0,2.0,3.0,21.0,28.0,5.0,28.0,0.0,7.0,32.0,24.0,4.0,31.0,428.0,210336.0,2.0,7344.0,inf,89.6707032622671,0.0,9311.0,inf,70386.0,9112.0,19.0,80.36029620585929,inf,inf,31198.0,5556.0,32.0,79.74752586588288,inf,good
https://mobilemonetize.me/,0.0,0.0,0.0,0.0,0.0,0.0,0.0,0.0,0.0,0.0,0.0,0.0,0.0,0.0,0.0,0.0,0.0,0.0,0.0,0.0,873.0,0.0,7.0,0.09173369470187095,10.319828982309721,0.0,2.0,0.3333333333333333,15.0,829.0,2.0,9.378489166068666,141.61111111111111,0.6666666666666666,8.0,829.0,8.0,9.378489166068666,280.2666666666667,good
https://mirror.co.uk/,0.0,0.0,0.0,0.0,0.0,0.0,0.0,0.0,0.0,0.0,0.0,0.0,0.0,0.0,0.0,0.0,0.0,0.0,0.0,0.0,0.0,0.0,0.0,0.0,0.0,0.0,0.0,0.0,0.0,0.0,0.0,0.0,0.0,0.0,0.0,0.0,0.0,0.0,0.0,good
https://www.gov.uk/,0.0,4.0,3.0,0.0,0.0,0.0,11.0,0.0,0.0,3.0,15.0,17.0,38.0,2.0,13.0,45.0,17.0,0.0,3.0,235.0,133942.0,0.0,1962.0,0.3883838392297786,29.692789314839573,0.0,6150.0,1.1576291181548264,33112.0,776.0,6.0,24.975426647208746,21.554876829724225,2.6568541540801864,14638.0,776.0,9.0,24.975426647208746,41.33618805866858,good
https://infusionsoft.com/,0.0,0.0,0.0,0.0,0.0,0.0,0.0,0.0,0.0,0.0,0.0,0.0,0.0,0.0,0.0,0.0,0.0,0.0,0.0,0.0,0.0,0.0,0.0,0.0,0.0,0.0,0.0,0.0,0.0,0.0,0.0,0.0,0.0,0.0,0.0,0.0,0.0,0.0,0.0,good
https://kinokrad.co/,1.0,19.0,13.0,0.0,5.0,0.0,44.0,2.0,8.0,8.0,24.0,2.0,62.0,2.0,5.0,32.0,1.0,0.0,13.0,454.0,202350.0,0.0,8554.0,3.3415888510971143,172.86584588573183,0.0,6723.0,5.626077144195198,71328.0,12196.0,35.0,139.94484911086585,113.0208887426537,12.952085022344335,30346.0,8108.0,48.0,135.02740802971095,209.3714597400589,good
https://appledaily.com.tw/,4.0,19.0,31.0,0.0,2.0,0.0,47.0,5.0,1.0,354.0,91.0,18.0,67.0,3.0,7.0,24.0,15.0,1.0,31.0,1057.0,505533.0,0.0,20473.0,10.177698727115752,135.51287256758164,0.0,20359.0,4.464705713079537,185583.0,14831.0,33.0,124.37371481011463,109.32658443239063,11.264935985998376,79387.0,14614.0,56.0,123.27975655434484,220.69222227368817,good
https://academia.edu/,8.0,83.0,18.0,8.0,70.0,1.0,39.0,6.0,5.0,60.0,123.0,20.0,263.0,15.0,16.0,916.0,24.0,0.0,18.0,1722.0,2043934.0,5.0,73809.0,3.534529431998892,134.57410848833268,0.0,58814.0,6.116555755716342,456500.0,19421.0,28.0,106.05382980313789,109.77046733109829,14.655207936122073,193435.0,18125.0,56.0,105.01156765757,221.48257406155466,good
https://cdiscount.com/,0.0,4.0,0.0,0.0,0.0,0.0,2.0,0.0,0.0,2.0,48.0,16.0,6.0,0.0,0.0,0.0,1.0,1.0,0.0,114.0,35811.0,0.0,1403.0,0.52659109718627,30.43805799845335,0.0,1236.0,0.8631560812733818,6874.0,662.0,6.0,24.42384853109885,22.42061458955901,1.8977933939308989,3093.0,662.0,6.0,24.42384853109885,41.45514729199289,good
https://gomovies.is/,0.0,0.0,0.0,0.0,0.0,0.0,0.0,0.0,0.0,0.0,0.0,0.0,0.0,0.0,0.0,0.0,0.0,0.0,0.0,0.0,0.0,0.0,0.0,0.0,0.0,0.0,0.0,0.0,0.0,0.0,0.0,0.0,0.0,0.0,0.0,0.0,0.0,0.0,0.0,good
https://lenovo.com/,22.0,39.0,23.0,8.0,29.0,0.0,23.0,3.0,0.0,28.0,353.0,28.0,164.0,3.0,20.0,81.0,19.0,1.0,23.0,1345.0,521518.0,2.0,8548.0,2.254322276431267,258.70615303099345,0.0,18553.0,6.209192751768624,172392.0,9271.0,51.0,207.37663551933915,188.59718453202913,14.854046034940769,73302.0,8076.0,74.0,206.69247889360668,375.75005356921287,good
https://gmarket.co.kr/,4.0,30.0,14.0,0.0,0.0,0.0,18.0,7.0,3.0,133.0,51.0,7.0,87.0,1.0,5.0,69.0,5.0,0.0,14.0,995.0,777604.0,0.0,14961.0,0.5373503718788372,98.6245101346348,0.0,25610.0,3.3618172814946106,151234.0,93536.0,19.0,81.04735300499917,90.66503730953686,7.088809725134537,67070.0,93524.0,24.0,81.5280701237995,170.32269661940268,good
https://southwest.com/,0.0,0.0,0.0,0.0,0.0,0.0,0.0,0.0,0.0,0.0,0.0,0.0,0.0,0.0,0.0,0.0,0.0,0.0,0.0,0.0,0.0,0.0,0.0,0.0,0.0,0.0,0.0,0.0,0.0,0.0,0.0,0.0,0.0,0.0,0.0,0.0,0.0,0.0,0.0,good
https://crunchyroll.com/,0.0,0.0,0.0,0.0,0.0,0.0,0.0,0.0,0.0,0.0,2.0,0.0,3.0,0.0,0.0,2.0,0.0,0.0,0.0,21.0,2992.0,0.0,574.0,0.19184491978609625,5.615168209924168,0.0,40.0,0.12578616352201258,318.0,622.0,1.0,5.937405492885377,7.468553459119497,0.27972027972027974,143.0,622.0,1.0,5.937405492885377,15.307692307692308,good
https://macys.com/,0.0,0.0,0.0,0.0,0.0,0.0,0.0,0.0,0.0,0.0,0.0,0.0,0.0,0.0,0.0,0.0,0.0,0.0,0.0,0.0,0.0,0.0,0.0,0.0,0.0,0.0,0.0,0.0,0.0,0.0,0.0,0.0,0.0,0.0,0.0,0.0,0.0,0.0,0.0,good
https://moneycontrol.com/,0.0,0.0,0.0,0.0,0.0,0.0,0.0,0.0,0.0,0.0,0.0,0.0,0.0,0.0,0.0,0.0,0.0,0.0,0.0,0.0,0.0,0.0,0.0,0.0,0.0,0.0,0.0,0.0,0.0,0.0,0.0,0.0,0.0,0.0,0.0,0.0,0.0,0.0,0.0,good
https://subito.it/,0.0,0.0,0.0,0.0,0.0,0.0,0.0,0.0,0.0,0.0,0.0,0.0,0.0,0.0,0.0,0.0,0.0,0.0,0.0,0.0,0.0,0.0,0.0,0.0,0.0,0.0,0.0,0.0,0.0,0.0,0.0,0.0,0.0,0.0,0.0,0.0,0.0,0.0,0.0,good
https://g2a.com/,0.0,0.0,0.0,0.0,0.0,0.0,0.0,0.0,0.0,0.0,0.0,0.0,0.0,0.0,0.0,0.0,0.0,0.0,0.0,0.0,0.0,0.0,0.0,0.0,0.0,0.0,0.0,0.0,0.0,0.0,0.0,0.0,0.0,0.0,0.0,0.0,0.0,0.0,0.0,good
https://grid.id/,37.0,55.0,84.0,1.0,3.0,0.0,71.0,6.0,6.0,269.0,125.0,18.0,123.0,2.0,8.0,105.0,30.0,4.0,84.0,1803.0,857870.0,0.0,25819.0,3.8104470076973023,255.85457794292986,0.0,31345.0,7.191820722946737,277171.0,27010.0,53.0,210.2447852593998,202.02646700001137,17.91800521362653,120482.0,24119.0,107.0,209.89204596315568,414.2234664510682,good
https://bodybuilding.com/,5.0,11.0,2.0,0.0,0.0,0.0,0.0,3.0,0.0,42.0,10.0,3.0,15.0,0.0,1.0,31.0,3.0,0.0,2.0,440.0,253189.0,0.0,5378.0,0.20783787029826162,61.51625639848493,0.0,10592.0,2.8913357056156213,39280.0,4619.0,12.0,48.59826641499967,59.17396487956232,5.370966605528485,17545.0,4619.0,17.0,48.59826641499967,110.35461438147667,good
https://urdupoint.com/,0.0,0.0,0.0,0.0,0.0,0.0,0.0,0.0,0.0,0.0,2.0,0.0,3.0,0.0,0.0,2.0,0.0,0.0,0.0,20.0,2985.0,0.0,574.0,0.19229480737018426,5.606099312696023,0.0,36.0,0.11320754716981132,318.0,622.0,1.0,5.953769992123887,7.446540880503145,0.2517482517482518,143.0,622.0,1.0,5.953769992123887,15.258741258741258,good
https://fanfiction.net/,0.0,0.0,0.0,0.0,0.0,0.0,0.0,0.0,0.0,0.0,2.0,0.0,3.0,0.0,0.0,2.0,0.0,0.0,0.0,18.0,2989.0,0.0,574.0,0.1920374707259953,5.616305012043162,0.0,38.0,0.11949685534591195,318.0,622.0,1.0,5.935028672598436,7.459119496855346,0.26573426573426573,143.0,622.0,1.0,5.935028672598436,15.286713286713287,good
https://camdolls.com/,6.0,144.0,14.0,2.0,4.0,8.0,182.0,12.0,6.0,40.0,450.0,36.0,204.0,58.0,48.0,216.0,340.0,0.0,14.0,3320.0,2605612.0,0.0,60603.0,13.651290089292912,544.9139227018507,0.0,71552.0,inf,589548.0,54723.0,110.0,466.7220142791197,inf,inf,266408.0,51927.0,154.0,463.51060287358473,inf,good
https://udn.com/,0.0,0.0,0.0,0.0,0.0,0.0,0.0,0.0,0.0,0.0,0.0,0.0,0.0,0.0,0.0,0.0,0.0,0.0,0.0,2.0,50.0,0.0,0.0,0.0,4.3610768800263715,0.0,4.0,0.5,8.0,28.0,1.0,3.994680368408909,6.25,1.0,4.0,28.0,4.0,3.994680368408909,11.5,good
https://secureserver.net/,0.0,1.0,0.0,0.0,0.0,0.0,2.0,0.0,0.0,1.0,0.0,0.0,1.0,0.0,0.0,5.0,2.0,0.0,0.0,2.0,56329.0,0.0,1771.0,0.7929380089581309,39.948483286053595,0.0,1273.0,2.401320975517851,2154.0,4469.0,8.0,33.571989800161646,44.33697944011415,5.155716616663866,1023.0,1448.0,10.0,33.51295057022708,78.36365947469965,good
https://thesun.co.uk/,11.0,15.0,42.0,1.0,1.0,1.0,59.0,6.0,1.0,545.0,111.0,9.0,87.0,3.0,7.0,24.0,16.0,1.0,42.0,1249.0,600353.0,0.0,14481.0,2.3552291636975276,98.14304221974079,0.0,20951.0,3.005001451413651,232242.0,4527.0,20.0,83.03924452497807,86.30180416818197,7.05513851208193,98251.0,4527.0,30.0,83.03924452497807,174.6125614357213,good
https://trulia.com/,1.0,20.0,2.0,1.0,7.0,0.0,6.0,7.0,1.0,73.0,42.0,5.0,34.0,1.0,1.0,38.0,1.0,0.0,2.0,832.0,476506.0,0.0,12534.0,1.5774059563743918,111.93069538836293,0.0,18467.0,4.231702188627018,116659.0,15842.0,22.0,95.15153589662819,142.15934291833116,9.211361912598623,51304.0,9106.0,39.0,94.07853768591652,275.138428215563,good
https://fatosdesconhecidos.com.br/,0.0,0.0,0.0,0.0,0.0,0.0,0.0,0.0,0.0,0.0,2.0,0.0,3.0,0.0,0.0,2.0,0.0,0.0,0.0,19.0,3081.0,0.0,574.0,0.18630314832846478,5.658163923341392,0.0,41.0,0.1289308176100629,318.0,706.0,1.0,5.937684725382542,7.748427672955975,0.2867132867132867,143.0,706.0,1.0,5.937684725382542,15.93006993006993,good
https://rbc.ru/,0.0,10.0,0.0,4.0,27.0,0.0,59.0,10.0,4.0,32.0,68.0,8.0,51.0,12.0,4.0,31.0,16.0,0.0,0.0,301.0,240474.0,0.0,8980.0,8.544809286915275,298.90766308194037,0.0,8928.0,8.822326777978615,79840.0,4587.0,63.0,249.8755588778829,247.401037045802,20.423875052130157,34180.0,4218.0,107.0,249.50052848002326,486.93782785071227,good
https://fbsbx.com/,0.0,0.0,0.0,0.0,0.0,0.0,0.0,0.0,0.0,0.0,0.0,0.0,0.0,0.0,0.0,0.0,0.0,0.0,0.0,0.0,0.0,0.0,0.0,0.0,0.0,0.0,0.0,0.0,0.0,0.0,0.0,0.0,0.0,0.0,0.0,0.0,0.0,0.0,0.0,good
https://addthis.com/,0.0,17.0,11.0,0.0,1.0,0.0,4.0,2.0,0.0,2.0,6.0,2.0,33.0,1.0,2.0,7.0,6.0,1.0,11.0,82.0,75668.0,0.0,4672.0,inf,64.82880027704078,0.0,2626.0,inf,15601.0,3934.0,14.0,50.80971971138438,inf,inf,6675.0,3579.0,22.0,49.977885365955565,inf,good
https://unity3d.com/,0.0,0.0,0.0,0.0,0.0,0.0,0.0,0.0,0.0,0.0,0.0,0.0,0.0,0.0,0.0,0.0,0.0,0.0,0.0,0.0,0.0,0.0,0.0,0.0,0.0,0.0,0.0,0.0,0.0,0.0,0.0,0.0,0.0,0.0,0.0,0.0,0.0,0.0,0.0,good
https://caliente.mx/,0.0,0.0,0.0,0.0,0.0,0.0,0.0,0.0,0.0,0.0,0.0,0.0,0.0,0.0,0.0,0.0,0.0,0.0,0.0,0.0,0.0,0.0,0.0,0.0,0.0,0.0,0.0,0.0,0.0,0.0,0.0,0.0,0.0,0.0,0.0,0.0,0.0,0.0,0.0,good
https://xtube.com/,0.0,0.0,0.0,0.0,0.0,0.0,0.0,0.0,0.0,0.0,0.0,0.0,0.0,0.0,0.0,0.0,0.0,0.0,0.0,0.0,0.0,0.0,0.0,0.0,0.0,0.0,0.0,0.0,0.0,0.0,0.0,0.0,0.0,0.0,0.0,0.0,0.0,0.0,0.0,good
https://howtogeek.com/,8.0,29.0,17.0,0.0,2.0,0.0,4.0,8.0,0.0,56.0,120.0,23.0,77.0,7.0,4.0,28.0,8.0,0.0,17.0,762.0,290148.0,0.0,7485.0,1.726077566535922,153.75088780480888,2.0,12904.0,4.089632141909685,123442.0,1640.0,31.0,123.23152334506831,129.71075809080344,9.98054942364318,53523.0,1425.0,41.0,121.90081980619543,268.22238989813565,good
https://android.com/,0.0,5.0,0.0,0.0,0.0,0.0,1.0,0.0,0.0,54.0,4.0,0.0,21.0,14.0,0.0,6.0,0.0,0.0,0.0,150.0,82840.0,0.0,2604.0,0.5824287367478069,24.359265433307186,0.0,3912.0,0.6954819009033703,30417.0,358.0,5.0,19.26118930982607,23.84099958263454,1.6110554801592536,13264.0,358.0,9.0,19.26118930982607,46.579447020484764,good
https://gotporn.com/,3.0,15.0,0.0,0.0,2.0,0.0,16.0,2.0,0.0,31.0,41.0,4.0,46.0,5.0,2.0,27.0,8.0,0.0,0.0,705.0,207223.0,0.0,3780.0,0.4675829417943369,14.604771373215296,0.0,7983.0,0.37083728312436004,66752.0,33408.0,3.0,14.512720975130328,16.846328922729292,0.8488774073062715,28718.0,33408.0,7.0,14.512720975130328,33.754898660118144,good
https://wp.com/,1.0,15.0,0.0,0.0,3.0,0.0,8.0,1.0,3.0,3.0,13.0,2.0,34.0,7.0,6.0,9.0,3.0,0.0,0.0,221.0,120473.0,0.0,5059.0,1.0400109094771495,85.95990451102396,0.0,3586.0,2.3703931288952984,23506.0,4794.0,17.0,70.82903574185445,88.4022734641713,5.377417678116057,10080.0,2786.0,33.0,70.25809676617742,175.08693785120147,good
https://ecosia.org/,0.0,0.0,0.0,0.0,0.0,0.0,0.0,0.0,0.0,0.0,2.0,0.0,3.0,0.0,0.0,2.0,0.0,0.0,0.0,21.0,2963.0,0.0,574.0,0.19372257846776916,5.610322630898918,0.0,39.0,0.12264150943396226,318.0,602.0,1.0,5.952007727461145,7.377358490566038,0.2727272727272727,143.0,602.0,1.0,5.952007727461145,15.104895104895105,good
https://westernjournalism.com/,0.0,0.0,0.0,0.0,0.0,0.0,0.0,0.0,0.0,0.0,2.0,0.0,3.0,0.0,0.0,2.0,0.0,0.0,0.0,18.0,2989.0,0.0,574.0,0.1920374707259953,5.625323760433393,0.0,37.0,0.11635220125786164,318.0,622.0,1.0,5.932164184958013,7.459119496855346,0.25874125874125875,143.0,622.0,1.0,5.932164184958013,15.286713286713287,good
https://investing.com/,0.0,0.0,0.0,0.0,0.0,0.0,0.0,0.0,0.0,0.0,0.0,0.0,0.0,1.0,0.0,0.0,4.0,0.0,0.0,0.0,623.0,0.0,46.0,0.38309774436090227,13.527247080149019,0.0,20.0,0.5560652939293715,149.0,54.0,3.0,10.435334210099736,11.649560795191864,1.6540697674418605,61.0,54.0,4.0,10.435334210099736,26.787790697674417,good
https://interia.pl/,0.0,19.0,5.0,0.0,0.0,0.0,9.0,0.0,0.0,20.0,8.0,8.0,20.0,1.0,4.0,22.0,0.0,1.0,5.0,233.0,144915.0,0.0,26405.0,28.038467768286154,366.1585476073735,0.0,4196.0,11.895943661039217,37030.0,7046.0,88.0,347.3977258231511,447.59440313637253,27.26275016341246,15783.0,7004.0,144.0,346.4763251966249,887.9377236289592,good
https://thebalance.com/,0.0,0.0,0.0,0.0,0.0,0.0,0.0,0.0,0.0,0.0,0.0,0.0,0.0,0.0,0.0,0.0,0.0,0.0,0.0,0.0,0.0,0.0,0.0,0.0,0.0,0.0,0.0,0.0,0.0,0.0,0.0,0.0,0.0,0.0,0.0,0.0,0.0,0.0,0.0,good
https://elbalad.news/,0.0,0.0,0.0,0.0,0.0,0.0,0.0,0.0,0.0,0.0,2.0,0.0,3.0,0.0,0.0,2.0,0.0,0.0,0.0,19.0,3069.0,0.0,574.0,0.1870316063864451,5.6590044077840185,0.0,36.0,0.11320754716981132,318.0,706.0,1.0,5.9494355139004504,7.710691823899371,0.2517482517482518,143.0,706.0,1.0,5.9494355139004504,15.846153846153847,good
https://elmogaz.com/,0.0,0.0,0.0,0.0,0.0,0.0,0.0,0.0,0.0,0.0,2.0,0.0,3.0,0.0,0.0,2.0,0.0,0.0,0.0,20.0,2977.0,0.0,574.0,0.1928115552569701,5.622917204747652,0.0,38.0,0.11949685534591195,318.0,622.0,1.0,5.936910528791223,7.421383647798742,0.26573426573426573,143.0,622.0,1.0,5.936910528791223,15.202797202797203,good
https://commentcamarche.net/,0.0,0.0,0.0,0.0,0.0,0.0,0.0,0.0,0.0,0.0,0.0,0.0,0.0,0.0,0.0,0.0,0.0,0.0,0.0,0.0,0.0,0.0,0.0,0.0,0.0,0.0,0.0,0.0,0.0,0.0,0.0,0.0,0.0,0.0,0.0,0.0,0.0,0.0,0.0,good
https://tomshardware.com/,0.0,9.0,1.0,0.0,0.0,0.0,5.0,0.0,0.0,84.0,26.0,0.0,10.0,3.0,0.0,780.0,0.0,0.0,1.0,265.0,351020.0,0.0,15577.0,inf,230.3576791992506,0.0,11038.0,inf,97375.0,8369.0,47.0,185.66081810421417,inf,inf,40776.0,8341.0,111.0,185.05398749303293,inf,good
https://el-nacional.com/,0.0,0.0,0.0,0.0,0.0,0.0,0.0,0.0,0.0,0.0,0.0,0.0,0.0,1.0,0.0,0.0,4.0,0.0,0.0,0.0,623.0,0.0,46.0,0.38309774436090227,13.527247080149019,0.0,20.0,0.5560652939293715,149.0,54.0,3.0,10.435334210099736,11.649560795191864,1.6540697674418605,61.0,54.0,4.0,10.435334210099736,26.787790697674417,good
https://google.com.ec/,0.0,0.0,0.0,0.0,0.0,0.0,0.0,0.0,0.0,0.0,0.0,0.0,0.0,0.0,0.0,0.0,0.0,0.0,0.0,0.0,0.0,0.0,0.0,0.0,0.0,0.0,0.0,0.0,0.0,0.0,0.0,0.0,0.0,0.0,0.0,0.0,0.0,0.0,0.0,good
https://fidelity.com/,0.0,0.0,0.0,0.0,0.0,0.0,0.0,0.0,0.0,0.0,0.0,0.0,0.0,0.0,0.0,0.0,0.0,0.0,0.0,0.0,0.0,0.0,0.0,0.0,0.0,0.0,0.0,0.0,0.0,0.0,0.0,0.0,0.0,0.0,0.0,0.0,0.0,0.0,0.0,good
https://express.co.uk/,0.0,0.0,0.0,0.0,0.0,0.0,0.0,0.0,0.0,0.0,0.0,0.0,0.0,0.0,0.0,0.0,0.0,0.0,0.0,0.0,0.0,0.0,0.0,0.0,0.0,0.0,0.0,0.0,0.0,0.0,0.0,0.0,0.0,0.0,0.0,0.0,0.0,0.0,0.0,good
https://duolingo.com/,8.0,17.0,3.0,1.0,5.0,0.0,5.0,1.0,3.0,26.0,51.0,26.0,78.0,2.0,4.0,35.0,0.0,0.0,3.0,788.0,258556.0,0.0,5202.0,0.2831220554142588,72.45069825611907,0.0,10591.0,20.050345380957143,43373.0,26244.0,14.0,58.65786926670589,483.03232130021576,61.88274145866428,18732.0,26244.0,15.0,58.65786926670589,1466.9602386131844,good
https://php.net/,0.0,9.0,2.0,0.0,4.0,0.0,4.0,4.0,0.0,3.0,20.0,2.0,29.0,0.0,3.0,6.0,8.0,0.0,2.0,101.0,72038.0,0.0,9476.0,0.7872757634701986,35.16544685860446,0.0,2716.0,1.0989335444546793,17078.0,1062.0,7.0,30.73857874646101,21.244304227709012,2.5264637477387777,7470.0,870.0,7.0,29.82015144212636,37.78593108628894,good
https://prothom-alo.com/,0.0,0.0,0.0,0.0,0.0,0.0,0.0,0.0,0.0,0.0,2.0,0.0,3.0,0.0,0.0,2.0,0.0,0.0,0.0,21.0,2989.0,0.0,574.0,0.1920374707259953,5.62380947614373,0.0,37.0,0.11635220125786164,318.0,622.0,1.0,5.935232601480621,7.459119496855346,0.25874125874125875,143.0,622.0,1.0,5.935232601480621,15.286713286713287,good
https://hamariweb.com/,0.0,0.0,0.0,0.0,0.0,0.0,0.0,0.0,0.0,0.0,2.0,0.0,3.0,0.0,0.0,2.0,0.0,0.0,0.0,21.0,2981.0,0.0,574.0,0.1925528346192553,5.619443258494268,0.0,36.0,0.11320754716981132,318.0,622.0,1.0,5.936788574511941,7.433962264150943,0.2517482517482518,143.0,622.0,1.0,5.936788574511941,15.23076923076923,good
https://europa.eu/,0.0,0.0,0.0,0.0,0.0,0.0,0.0,0.0,0.0,0.0,0.0,0.0,0.0,0.0,0.0,0.0,0.0,0.0,0.0,0.0,0.0,0.0,0.0,0.0,0.0,0.0,0.0,0.0,0.0,0.0,0.0,0.0,0.0,0.0,0.0,0.0,0.0,0.0,0.0,good
https://jimdo.com/,0.0,10.0,2.0,0.0,2.0,0.0,0.0,3.0,0.0,5.0,13.0,4.0,21.0,0.0,1.0,17.0,0.0,0.0,2.0,364.0,188259.0,0.0,3958.0,0.3356086564123461,106.86930176480256,0.0,8855.0,3.5235165635011914,24672.0,8515.0,22.0,89.8656764509254,109.16315988226835,7.9769722927567335,12076.0,8515.0,36.0,89.8656764509254,221.67506707611042,good
https://telewebion.com/,8.0,54.0,37.0,0.0,5.0,0.0,52.0,14.0,1.0,52.0,177.0,32.0,193.0,1.0,4.0,100.0,11.0,1.0,37.0,2148.0,950032.0,0.0,13851.0,0.4056594925876656,57.44576687595387,0.0,41115.0,1.954100868164949,181824.0,2841.0,11.0,44.959967612773525,32.80485238438459,4.558607603682697,78568.0,1429.0,17.0,44.210217960579996,59.93522815483729,good
https://latimes.com/,18.0,48.0,44.0,5.0,20.0,0.0,76.0,17.0,3.0,307.0,147.0,15.0,117.0,15.0,11.0,60.0,73.0,6.0,44.0,1458.0,1228776.0,12.0,23238.0,1.175013479612744,127.97626502509323,0.0,36955.0,4.465501000333655,382099.0,173169.0,25.0,106.73516201007564,171.49402979970034,9.650676147265756,161847.0,172998.0,35.0,106.57298137998245,332.1027081059996,good
https://how01.com/,0.0,0.0,0.0,0.0,0.0,0.0,0.0,0.0,0.0,0.0,2.0,0.0,3.0,0.0,0.0,2.0,0.0,0.0,0.0,18.0,2973.0,0.0,574.0,0.19307097208207197,5.6038668207211195,0.0,38.0,0.11949685534591195,318.0,622.0,1.0,5.958635619641629,7.408805031446541,0.26573426573426573,143.0,622.0,1.0,5.958635619641629,15.174825174825175,good
https://techradar.com/,0.0,9.0,1.0,0.0,0.0,0.0,5.0,0.0,0.0,80.0,26.0,0.0,10.0,3.0,0.0,778.0,0.0,0.0,1.0,265.0,355588.0,0.0,15838.0,1.9784377653674199,220.87320094265056,0.0,11100.0,inf,97447.0,8584.0,45.0,177.11956988558094,inf,inf,40844.0,8556.0,100.0,176.51273927439965,inf,good
https://timeanddate.com/,8.0,27.0,50.0,0.0,4.0,0.0,64.0,3.0,2.0,523.0,92.0,19.0,71.0,3.0,0.0,16.0,17.0,1.0,50.0,753.0,503745.0,0.0,10882.0,0.3032776090591385,48.67693032094819,0.0,19840.0,1.0224697427646336,215368.0,3614.0,10.0,39.61358939568426,32.17827800166119,2.713667630306168,91177.0,3231.0,15.0,38.984844137956756,61.90247344403342,good
https://zone-telechargement.ws/,0.0,0.0,0.0,0.0,0.0,0.0,0.0,0.0,0.0,0.0,0.0,0.0,0.0,0.0,0.0,0.0,0.0,0.0,0.0,0.0,7.0,0.0,0.0,0.0,2.807354922057604,0.0,0.0,0.0,2.0,4.0,1.0,2.0,2.5,0.0,1.0,4.0,0.0,2.0,4.0,good
https://voyeurhit.com/,0.0,0.0,0.0,0.0,0.0,0.0,0.0,0.0,0.0,0.0,2.0,0.0,3.0,0.0,0.0,2.0,0.0,0.0,0.0,21.0,2981.0,0.0,574.0,0.1925528346192553,5.610429189191078,0.0,36.0,0.11320754716981132,318.0,622.0,1.0,5.944805084484632,7.433962264150943,0.2517482517482518,143.0,622.0,1.0,5.944805084484632,15.23076923076923,good
https://fanpage.gr/,0.0,0.0,0.0,0.0,0.0,0.0,0.0,0.0,0.0,0.0,2.0,0.0,3.0,0.0,0.0,2.0,0.0,0.0,0.0,21.0,2977.0,0.0,574.0,0.1928115552569701,5.615759804060627,0.0,36.0,0.11320754716981132,318.0,622.0,1.0,5.94364890982397,7.421383647798742,0.2517482517482518,143.0,622.0,1.0,5.94364890982397,15.202797202797203,good
https://okezone.com/,3.0,29.0,8.0,0.0,5.0,0.0,4.0,9.0,3.0,14.0,125.0,22.0,106.0,0.0,8.0,40.0,12.0,0.0,8.0,1003.0,288840.0,0.0,6949.0,2.281958146927697,154.01971070303105,0.0,11213.0,3.566821983230518,125087.0,2552.0,31.0,127.18351590961348,131.6522782670893,9.080755004397622,54385.0,2331.0,61.0,125.97872014771777,280.0991057654564,good
